Date,Close,Daily_Return,Trend_Score,Volatility_7d,avg_sentiment,total_vol,bull_ratio,bear_ratio,sentiment_spread,sentiment_momentum,fng_value,btc_web,btc_yt,crypto_web,crypto_yt
2021-02-05,38144.30859375,0.0329913880914702,1.072442750003075,0.0345682017246905,0.1247318046456223,1679.0,0.129839189994044,0.0661107802263251,0.0637284097677188,0.0,66.0,100,87,47,41
2021-02-06,39266.01171875,0.0294068280787711,1.0822607257058554,0.0340570575508695,0.1298678538532391,3257.0,0.1556647221369358,0.0506601166717838,0.1050046054651519,0.0412761956974331,23.0,100,87,47,41
2021-02-07,38903.44140625,-0.0092336933808551,1.0483705608444545,0.0283065058222523,0.1445661901595744,3008.0,0.1339760638297872,0.054188829787234,0.0797872340425532,-0.0252173714225987,21.0,100,87,47,41
2021-02-08,46196.46484375,0.1874647376652993,1.187052457456483,0.0622172065687929,0.156728202846975,5620.0,0.1991103202846975,0.0564056939501779,0.1427046263345195,0.0629173922919663,48.0,100,87,47,41
2021-02-09,46481.10546875,0.0061615239599552,1.1481291711086286,0.0636295280363618,0.1489690993071593,4330.0,0.1715935334872979,0.0556581986143187,0.1159353348729792,-0.0267692914615403,74.0,100,87,47,41
2021-02-10,44918.18359375,-0.0336248860529098,1.0811169766788202,0.0685955566235199,0.1563849971477467,3506.0,0.152595550484883,0.0581859669138619,0.0944095835710211,-0.0215257513019581,54.0,100,87,47,41
2021-02-11,47909.33203125,0.0665910372634968,1.1111477193124368,0.0673043732771542,,,,,,,73.0,100,87,47,41
2021-02-12,47504.8515625,-0.0084426238396763,1.0686246292519874,0.0695267573698266,,,,,,,32.0,100,87,47,41
2021-02-13,47105.515625,-0.0084062137732313,1.0336021314960075,0.0711589428699133,0.1472933920704845,2270.0,0.1325991189427312,0.0475770925110132,0.085022026431718,-0.009387557139303,,100,87,47,41
2021-02-14,48717.2890625,0.0342162359569755,1.0370652909102651,0.0694406435084192,0.2566873306573005,3986.0,0.3013045659809332,0.0436527847466131,0.2576517812343201,0.172629754802602,,100,87,47,41
2021-02-15,47945.05859375,-0.0158512610945837,1.015227944446633,0.0334086814782734,0.329309822970639,4632.0,0.3989637305699481,0.0569948186528497,0.3419689119170984,0.0843171306827783,,100,87,47,41
2021-02-16,49199.87109375,0.0261718837520321,1.033300308165879,0.0343077534932733,,,,,,,,100,87,47,41
2021-02-17,52149.0078125,0.0599419602773032,1.0719820934031583,0.0330656648177828,,,,,,,,100,87,47,41
2021-02-18,51679.796875,-0.0089975045965789,1.0507032151926847,0.0284269043629443,0.1531795180722891,2241.0,0.143239625167336,0.0562248995983935,0.0870147255689424,-0.254954186348156,,100,87,47,41
2021-02-19,55888.1328125,0.0814309690047518,1.1092541323320022,0.0364047103795464,0.141077767896843,4498.0,0.1453979546465095,0.0560248999555357,0.0893730546909737,0.0023583291220313,,100,87,47,41
2021-02-20,56099.51953125,0.003782318501482,1.0857610996017366,0.0348955573507408,,,,,,,,100,87,47,41
2021-02-21,57539.9453125,0.0256762587859173,1.0871205643965876,0.0346918875728192,,,,,,,,100,87,47,41
2021-02-22,54207.3203125,-0.0579184596353103,1.007133514177284,0.0453329237192273,0.1238549605411499,3548.0,0.1519165727170236,0.0918827508455467,0.0600338218714768,-0.0293392328194968,,100,87,47,41
2021-02-23,48824.42578125,-0.0993019854185399,0.908028007490522,0.0642203770148491,,,,,,,,100,87,47,41
2021-02-24,49705.33203125,0.0180423268866849,0.930451844219644,0.0596597827727925,,,,,,,,100,87,47,41
2021-02-25,47093.8515625,-0.0525392420094518,0.8925121163662724,0.0622926748949681,,,,,,,,100,87,47,41
2021-02-26,46339.76171875,-0.0160124903512981,0.901526336588088,0.0476680439142974,,,,,,,,100,87,47,41
2021-02-27,46188.453125,-0.0032652000816995,0.924035475540621,0.0469852035325688,,,,,,,,100,87,47,41
2021-02-28,45137.76953125,-0.0227477545287462,0.9361993356189252,0.0410530306168304,0.1147344764237599,1633.0,0.1757501530924678,0.1132884262094305,0.0624617268830373,0.0024279050115604,,100,87,47,41
2021-03-01,49631.2421875,0.0995501705758645,1.0435474677761585,0.0617337378534308,,,,,,,93.0,72,70,40,41
2021-03-02,48378.98828125,-0.0252311618862803,1.0185803808651162,0.0477502397760317,,,,,,,78.0,72,70,40,41
2021-03-03,50538.2421875,0.0446320599698619,1.0613827684196335,0.0503982824150963,,,,,,,78.0,72,70,40,41
2021-03-04,48561.16796875,-0.0391203598141568,1.0153910571632867,0.0480011374586129,,,,,,,73.0,72,70,40,41
2021-03-05,48927.3046875,0.0075397016600922,1.015200132470374,0.0471402722297552,,,,,,,61.0,72,70,40,41
2021-03-06,48912.3828125,-0.0003049805235605,1.0067617444092936,0.0470378112957456,,,,,,,24.0,72,70,40,41
2021-03-07,51206.69140625,0.0469064981467979,1.0355065913027994,0.0466239260907483,,,,,,,24.0,72,70,40,41
2021-03-08,52246.5234375,0.020306565464276,1.0486116926572573,0.032499621484644,,,,,,,48.0,72,70,40,41
2021-03-09,54824.1171875,0.049335220420617,1.080380264646314,0.0320043210285867,,,,,,,74.0,72,70,40,41
2021-03-10,56008.55078125,0.0216042437983854,1.086981621051552,0.0300594624446023,,,,,,,49.0,72,70,40,41
2021-03-11,57805.12109375,0.0320767148487162,1.093815293124429,0.0182436037637965,0.0729299539170506,217.0,0.2304147465437788,0.0783410138248847,0.152073732718894,0.0896120058358566,76.0,72,70,40,41
2021-03-12,57332.08984375,-0.0081832066268457,1.0607639350996794,0.0214312416581192,0.1058795408163265,3920.0,0.1405612244897959,0.0744897959183673,0.0660714285714285,-0.0860023041474654,31.0,72,70,40,41
2021-03-13,61243.0859375,0.0682165276795043,1.097360416264917,0.0240826928915496,,,,,,,,72,70,40,41
2021-03-14,59302.31640625,-0.0316896103705583,1.041012980591425,0.0330618178141648,,,,,,,,72,70,40,41
2021-03-15,55907.19921875,-0.0572510045685531,0.972486412974238,0.0448193295726472,,,,,,,,72,70,40,41
2021-03-16,56804.90234375,0.0160570219496691,0.9832618828923434,0.0417581938006091,,,,,,,,72,70,40,41
2021-03-17,58870.89453125,0.0363699628422531,1.0118611840345744,0.0430250041130413,,,,,,,,72,70,40,41
2021-03-18,57858.921875,-0.0171896938938616,0.9943362457724148,0.0423585286782323,,,,,,,,72,70,40,41
2021-03-19,58346.65234375,0.0084296501376868,1.0002267598490462,0.0422780148998399,,,,,,,,72,70,40,41
2021-03-20,58313.64453125,-0.0005657190459794,1.006884433334143,0.0318090977206429,,,,,,,,72,70,40,41
2021-03-21,57523.421875,-0.0135512479558111,0.9976173872364305,0.0300853180630943,,,,,,,,72,70,40,41
2021-03-22,54529.14453125,-0.052053185400838,0.948928045238308,0.0284493879348717,,,,,,,,72,70,40,41
2021-03-23,54738.9453125,0.0038474981233158,0.9574967795872686,0.0274169005639369,,,,,,,,72,70,40,41
2021-03-24,52774.265625,-0.035891807492523,0.937411632101613,0.0225781554303324,,,,,,,,72,70,40,41
2021-03-25,51704.16015625,-0.0202770319222229,0.9329747697465738,0.0226493435210315,,,,,,,,72,70,40,41
2021-03-26,55137.3125,0.0663999247521864,1.0032238773260838,0.0376171356457688,,,,,,,,72,70,40,41
2021-03-27,55973.51171875,0.0151657594618888,1.0246712733927728,0.0385878648547001,,,,,,,,72,70,40,41
2021-03-28,55950.74609375,-0.0004067213991215,1.028484523095264,0.0384664794883235,,,,,,,,72,70,40,41
2021-03-29,57750.19921875,0.0321613785450665,1.0526581234781784,0.0333208077844019,,,,,,,,72,70,40,41
2021-03-30,58917.69140625,0.0202162451955827,1.0623788283377769,0.0335283455113174,,,,,,,,72,70,40,41
2021-03-31,58918.83203125,1.9359634988669328e-05,1.045845717328451,0.0272308724558369,,,,,,,,72,70,40,41
2021-04-01,59095.80859375,0.0030037350775407,1.0296869538279818,0.0231684614458763,,,,,,,94.0,76,89,70,56
2021-04-02,59384.3125,0.0048819690112593,1.0238898978331594,0.0120794028965508,,,,,,,80.0,76,89,70,56
2021-04-03,57603.890625,-0.0299813502934802,0.9892197877091836,0.0193405117685311,,,,,,,84.0,76,89,70,56
2021-04-04,58758.5546875,0.0200448971410081,1.002145543150713,0.0200553849515156,,,,,,,74.0,76,89,70,56
2021-04-05,59057.87890625,0.0050941385529632,1.0040515759340591,0.0168719445745191,0.1565923076923077,2197.0,0.1324533454710969,0.0455166135639508,0.0869367319071461,0.0208653033357175,68.0,76,89,70,56
2021-04-06,58192.359375,-0.0146554455947182,0.9910826829064744,0.0162021896191825,0.1619454423232051,3719.0,0.1365958591019091,0.0548534552299005,0.0817424038720086,-0.0051943280351375,27.0,76,89,70,56
2021-04-07,56048.9375,-0.0368333901223608,0.9612899685221564,0.0210126123537985,0.1480675756073376,4034.0,0.1378284581060981,0.0654437283093703,0.0723847297967278,-0.0093576740752807,27.0,76,89,70,56
2021-04-08,58323.953125,0.0405898082367752,1.0022038574414065,0.0275522947140908,0.1594295880149812,3738.0,0.1495452113429641,0.0462814339218833,0.1032637774210807,0.0308790476243529,42.0,76,89,70,56
2021-04-09,58245.00390625,-0.0013536328475677,1.0036542035451923,0.0273982169595131,0.1228678088108263,3473.0,0.1448315577310682,0.0938669737978692,0.0509645839331989,-0.0522991934878818,72.0,76,89,70,56
2021-04-10,59793.234375,0.0265813437190596,1.0248095604726677,0.0262057324086594,0.1435158932135728,4008.0,0.1389720558882235,0.0656187624750499,0.0733532934131736,0.0223887094799747,54.0,76,89,70,56
2021-04-11,60204.96484375,0.0068859039497308,1.0282248649643122,0.0254556627665737,0.1696306745445593,2031.0,0.1590349581486952,0.0605612998522895,0.0984736582964057,0.025120364883232,73.0,76,89,70,56
2021-04-12,59893.453125,-0.0051741865402374,1.0208235352572097,0.0256428067026475,0.139691476091476,1924.0,0.1507276507276507,0.0628898128898129,0.0878378378378378,-0.0106358204585678,25.0,76,89,70,56
2021-04-13,63503.45703125,0.0602737647922182,1.0685343848504436,0.0318622338625517,,,,,,,,76,89,70,56
2021-04-14,63109.6953125,-0.006200634377373,1.0441863976456602,0.0251666213448291,,,,,,,,76,89,70,56
2021-04-15,63314.01171875,0.0032374804732979,1.035355152667893,0.0233661511350276,,,,,,,,76,89,70,56
2021-04-16,61572.7890625,-0.0275013793784661,0.9991143035089084,0.0276087127249768,,,,,,,,76,89,70,56
2021-04-17,60683.8203125,-0.0144376885233774,0.9826607494646804,0.0274058943582646,0.2318286153846154,325.0,0.283076923076923,0.0707692307692307,0.2123076923076923,0.1244698544698544,,76,89,70,56
2021-04-18,56216.18359375,-0.0736215468265391,0.9187936956879362,0.0401400941596216,0.1161726364988315,4707.0,0.2230720203951561,0.1385171021882303,0.0845549182069258,-0.1277527741007664,,76,89,70,56
2021-04-19,55724.265625,-0.0087504689451151,0.9197066296568238,0.0400942837447082,0.1271376307467769,4111.0,0.2018973485769885,0.1028946728289953,0.0990026757479932,0.0144477575410673,,76,89,70,56
2021-04-20,56473.03125,0.0134369760929442,0.9477753486429142,0.029368558338445,0.1375754691075514,4370.0,0.1876430205949656,0.0842105263157894,0.1034324942791762,0.004429818531183,,76,89,70,56
2021-04-21,53906.08984375,-0.0454542876384026,0.925108367046818,0.030869304879631,0.1065923859014911,4426.0,0.1746497966561229,0.0675553547220967,0.1070944419340262,0.0036619476548499,,76,89,70,56
2021-04-22,51762.2734375,-0.0397694659817468,0.914208326761128,0.0291730772033243,0.1119330875024915,5017.0,0.1833765198325692,0.096073350607933,0.0873031692246362,-0.0197912727093899,,76,89,70,56
2021-04-23,51093.65234375,-0.0129171508387729,0.9269066501680476,0.0297849601147526,0.1084923834196891,5790.0,0.2250431778929188,0.1039723661485319,0.1210708117443868,0.0337676425197506,,76,89,70,56
2021-04-24,50050.8671875,-0.0204092897731074,0.9337192281713196,0.0294599839643495,0.1351376434583014,3921.0,0.1933180311145116,0.0795715378729915,0.11374649324152,-0.0073243185028668,,76,89,70,56
2021-04-25,49004.25390625,-0.0209109919580251,0.9321095751435108,0.0200593290438072,,,,,,,,76,89,70,56
2021-04-26,54021.75390625,0.1023890703366074,1.032323150740342,0.0489807983543747,,,,,,,,76,89,70,56
2021-04-27,55033.1171875,0.0187214077315063,1.0557998752002442,0.0493336248721803,,,,,,,,76,89,70,56
2021-04-28,54824.703125,-0.0037870662821065,1.0491600925345794,0.0456575264848887,,,,,,,,76,89,70,56
2021-04-29,53555.109375,-0.0231573301383015,1.0198657160818017,0.0433683492517113,,,,,,,,76,89,70,56
2021-04-30,57750.17578125,0.0783317680648467,1.0801925276994984,0.049709757305254,,,,,,,,76,89,70,56
2021-05-01,57828.05078125,0.0013484807439372,1.059628711872546,0.0475488585923715,,,,,,,93.0,95,100,100,78
2021-05-02,56631.078125,-0.0206988241878991,1.0173839679232026,0.0475171978241665,,,,,,,81.0,95,100,100,78
2021-05-03,57200.29296875,0.0100512803675323,1.0192950325144343,0.0333346770042059,,,,,,,77.0,95,100,100,78
2021-05-04,53333.5390625,-0.0676002465295502,0.9545202453172816,0.0438722473087185,,,,,,,71.0,95,100,100,78
2021-05-05,57424.0078125,0.0766959932136981,1.0209431920584642,0.0529608040351549,,,,,,,48.0,95,100,100,78
2021-05-06,56396.515625,-0.0178930768965995,0.9954911380923168,0.0524894586407156,,,,,,,24.0,95,100,100,78
2021-05-07,57356.40234375,0.0170203195731561,1.013441025847783,0.0437861144937431,,,,,,,29.0,95,100,100,78
2021-05-08,58803.77734375,0.0252347591699624,1.036462263816433,0.0448874641921753,,,,,,,50.0,95,100,100,78
2021-05-09,58232.31640625,-0.0097180991309351,1.022268171513972,0.0441137272960445,,,,,,,73.0,95,100,100,78
2021-05-10,55859.796875,-0.0407423176282123,0.983926333195614,0.0471469653621194,,,,,,,59.0,95,100,100,78
2021-05-11,56704.57421875,0.0151231724963196,0.9904052194966556,0.0369840410219944,,,,,,,73.0,95,100,100,78
2021-05-12,49150.53515625,-0.1332174549686006,0.8765613038317303,0.0581158723474512,,,,,,,18.0,95,100,100,78
2021-05-13,49716.19140625,0.0115086488519764,0.902001187799962,0.0595210914908146,,,,,,,,95,100,100,78
2021-05-14,49880.53515625,0.0033056383715535,0.9228646601529692,0.0584055038426695,,,,,,,,95,100,100,78
2021-05-15,46760.1875,-0.0625564189813834,0.8935779853103838,0.0567190853397685,,,,,,,,95,100,100,78
2021-05-16,46456.05859375,-0.0065040138312105,0.9172548324253016,0.056950582708001,,,,,,,,95,100,100,78
2021-05-17,43537.51171875,-0.0628238159530961,0.8905832855961314,0.0582511097807099,,,,,,,,95,100,100,78
2021-05-18,42909.40234375,-0.0144268551463747,0.9146050076345495,0.0549496523251155,,,,,,,,95,100,100,78
2021-05-19,37002.44140625,-0.1376612260916373,0.8189944448311772,0.0565681499343876,,,,,,,,95,100,100,78
2021-05-20,40782.73828125,0.1021634446629102,0.9289044772273676,0.0757639698341535,,,,,,,,95,100,100,78
2021-05-21,37304.69140625,-0.0852823282981722,0.8859377585917532,0.0773778564336393,,,,,,,,95,100,100,78
2021-05-22,37536.6328125,0.0062174862599491,0.9202427463911412,0.0784748112611605,,,,,,,,95,100,100,78
2021-05-23,34770.58203125,-0.0736893688644572,0.8888055762359227,0.0792364066906504,,,,,,,,95,100,100,78
2021-05-24,38705.98046875,0.1131818395781545,1.0071721379318035,0.0957191000287544,,,,,,,,95,100,100,78
2021-05-25,38402.22265625,-0.0078478263260955,1.0162955891979597,0.0957784351884325,0.1587702036441586,2799.0,0.2057877813504823,0.1025366202215076,0.1032511611289746,-0.0104953321125453,,95,100,100,78
2021-05-26,39294.19921875,0.023227211885217,1.0309686623335117,0.0762409207709719,0.120472781307645,4879.0,0.1920475507276081,0.0948964951834392,0.0971510555441688,-0.0061001055848057,,95,100,100,78
2021-05-27,38436.96875,-0.0218157001744154,1.0174228839146835,0.065720004584893,0.1502858319981689,4369.0,0.1792172121766994,0.0963607232776379,0.0828564888990615,-0.0142945666451073,,95,100,100,78
2021-05-28,35697.60546875,-0.0712689728232016,0.9506895965413684,0.0627955198556625,0.1379870137410489,5167.0,0.2008902651441842,0.1112831430230307,0.0896071221211534,0.0067506332220918,,95,100,100,78
2021-05-29,34616.06640625,-0.0302972439831233,0.9322448655590656,0.0631235813166093,0.1088649243772242,4496.0,0.1725978647686832,0.1065391459074733,0.0660587188612099,-0.0235484032599434,,95,100,100,78
2021-05-30,35678.12890625,0.0306812012530759,0.9575040458102838,0.057451367847274,,,,,,,,95,100,100,78
2021-05-31,37332.85546875,0.0463792977162018,1.00721481344979,0.0413745332771729,,,,,,,,95,100,100,78
2021-06-01,36684.92578125,-0.0173554816358035,0.9963285994502228,0.0416392107388976,,,,,,,95.0,69,81,44,48
2021-06-02,37575.1796875,0.0242675673261145,1.027359112568005,0.0417607867425651,,,,,,,84.0,69,81,44,48
2021-06-03,39208.765625,0.0434751330821563,1.0688017031192512,0.0447543834701704,,,,,,,77.0,69,81,44,48
2021-06-04,36894.40625,-0.0590265808705882,1.0010485494823238,0.0411376702203729,,,,,,,75.0,69,81,44,48
2021-06-05,35551.95703125,-0.0363862535055703,0.9611375024907554,0.0421006631030514,,,,,,,65.0,69,81,44,48
2021-06-06,35862.37890625,0.008731498936251,0.968840253945741,0.0406099465605549,,,,,,,17.0,69,81,44,48
2021-06-07,33560.70703125,-0.064180680289418,0.920053632886882,0.0420765870978754,,,,,,,20.0,69,81,44,48
2021-06-08,33472.6328125,-0.0026243254847995,0.9293305897690706,0.0423167416510485,,,,,,,52.0,69,81,44,48
2021-06-09,37345.12109375,0.1156911768172552,1.037792899003073,0.0623807342515239,,,,,,,79.0,69,81,44,48
2021-06-10,36702.59765625,-0.0172050168450927,1.0301872121029658,0.0594703902295158,,,,,,,68.0,69,81,44,48
2021-06-11,37334.3984375,0.0172140617175746,1.0460753537717171,0.0553975290403485,,,,,,,71.0,69,81,44,48
2021-06-12,35552.515625,-0.0477276422568579,0.99614641623214,0.0569374222339466,,,,,,,16.0,69,81,44,48
2021-06-13,39097.859375,0.0997213189467518,1.081477548463373,0.0675099187172509,,,,,,,,69,81,44,48
2021-06-14,40218.4765625,0.0286618552885926,1.0839574618702976,0.0579242726014445,,,,,,,,69,81,44,48
2021-06-15,40406.26953125,0.0046693207898655,1.060702077850321,0.0573901837724118,,,,,,,,69,81,44,48
2021-06-16,38347.0625,-0.0509625623730847,1.0028777560082165,0.0507872257265658,,,,,,,,69,81,44,48
2021-06-17,38053.50390625,-0.0076553085063556,0.9902027517497528,0.0502450918879723,,,,,,,,69,81,44,48
2021-06-18,35787.24609375,-0.0595545108824469,0.9366184663058816,0.0556132705827398,,,,,,,,69,81,44,48
2021-06-19,35615.87109375,-0.0047887171745782,0.9319125179432572,0.0523511883719596,,,,,,,,69,81,44,48
2021-06-20,35698.296875,0.0023142991795155,0.9460916029861494,0.0322278326801592,0.236301264236902,8780.0,0.1583143507972665,0.108883826879271,0.0494305239179954,-0.0166281949432145,,69,81,44,48
2021-06-21,31676.693359375,-0.1126553328218126,0.8675661821120793,0.0461122217139631,0.1946218637644543,41164.0,0.1749829948498688,0.1365270624817802,0.0384559323680886,-0.0109745915499068,,69,81,44,48
2021-06-22,32505.66015625,0.026169612701373,0.918667795550219,0.0496386890522447,0.1631659612341772,45504.0,0.2063335091420534,0.136229781997187,0.0701037271448664,0.0316477947767777,,69,81,44,48
2021-06-23,33723.02734375,0.0374509295196066,0.9712042342759388,0.0544723288898399,0.1779191939304473,29129.0,0.2213601565450238,0.1015826152631398,0.119777541281884,0.0496738141370176,,69,81,44,48
2021-06-24,34662.4375,0.0278566377411577,1.0123830249220347,0.0571744686562233,,,,,,,,69,81,44,48
2021-06-25,31637.779296875,-0.0872604012088013,0.9403221614560616,0.0622558152134553,,,,,,,,69,81,44,48
2021-06-26,32186.27734375,0.0173368061559611,0.970760371221557,0.0635508784595534,,,,,,,,69,81,44,48
2021-06-27,34649.64453125,0.076534703320648,1.0498005389284315,0.0718831799997745,,,,,,,,69,81,44,48
2021-06-28,34434.3359375,-0.0062138759765866,1.030971836630182,0.0514589579724498,,,,,,,,69,81,44,48
2021-06-29,35867.77734375,0.0416282575871875,1.0586654033517786,0.0524335923067829,,,,,,,,69,81,44,48
2021-06-30,35040.8359375,-0.0230552732143045,1.0285423922578771,0.0530125384206227,,,,,,,,69,81,44,48
2021-07-01,33572.1171875,-0.0419144895007543,0.989957623985556,0.0547790347393493,,,,,,,91.0,50,55,33,39
2021-07-02,33897.046875,0.0096785581226608,0.9901158921261106,0.0392151120618176,0.2221289886486795,17531.0,0.1582910273230277,0.0869887627631053,0.0713022645599224,-0.0484752767219616,86.0,50,55,33,39
2021-07-03,34668.546875,0.0227600947907058,1.0022695359765446,0.0394317351892675,0.2795305221206876,24841.0,0.1768849885270319,0.079867960227044,0.0970170282999879,0.0257147637400654,76.0,50,55,33,39
2021-07-04,35287.78125,0.0178615612945272,1.0174900300844485,0.0287078602741717,0.2616304113785558,22850.0,0.1655579868708971,0.0716411378555798,0.0939168490153172,-0.0031001792846706,72.0,50,55,33,39
2021-07-05,33746.00390625,-0.0436915354022151,0.9758010600442376,0.0338899149839678,0.2549595022976867,25678.0,0.1665238725757457,0.0823662278993691,0.0841576446763766,-0.0097592043389406,64.0,50,55,33,39
2021-07-06,34235.1953125,0.0144962765846001,0.9966680457682368,0.0293912952622052,,,,,,,15.0,50,55,33,39
2021-07-07,33855.328125,-0.0110958089776488,0.9904927549273952,0.0285899757679846,,,,,,,28.0,50,55,33,39
2021-07-08,32877.37109375,-0.0288863551296624,0.9646821810056132,0.0259385669370249,,,,,,,69.0,50,55,33,39
2021-07-09,33798.01171875,0.0280022579169967,0.9921073084467534,0.0281899632674439,,,,,,,79.0,50,55,33,39
2021-07-10,33520.51953125,-0.0082103110031782,0.98872167605036,0.0263589322534931,,,,,,,76.0,50,55,33,39
2021-07-11,34240.1875,0.0214694753784792,1.0144269587947845,0.0268911999377016,,,,,,,73.0,50,55,33,39
2021-07-12,33155.84765625,-0.0316686304287907,0.9847611598696672,0.0240273339287199,,,,,,,25.0,50,55,33,39
2021-07-13,32702.025390625,-0.0136875482819831,0.9776419853395985,0.0230624741589504,,,,,,,,50,55,33,39
2021-07-14,32822.34765625,0.0036793520947939,0.9855871219596648,0.0232485719142594,,,,,,,,50,55,33,39
2021-07-15,31780.73046875,-0.0317349995316881,0.958820057610451,0.0237927969663369,,,,,,,,50,55,33,39
2021-07-16,31421.5390625,-0.0113021759082344,0.9577935512850664,0.0190091939240738,0.1225929666366095,1109.0,0.0270513976555455,0.0216411181244364,0.0054102795311091,-0.0787473651452675,,50,55,33,39
2021-07-17,31533.068359375,0.0035494536614886,0.969584481406968,0.0197415690401966,0.244585017677273,14991.0,0.1629644453338669,0.0876525915549329,0.075311853778934,0.0699015742478249,,50,55,33,39
2021-07-18,31796.810546875,0.008363987433579,0.9883012850379684,0.0168680973198961,0.3218640706167245,25603.0,0.1742764519782838,0.0712025934460805,0.1030738585322032,0.0277620047532692,,50,55,33,39
2021-07-19,30817.83203125,-0.030788575922789,0.967921256151288,0.0166765867592552,0.2559879716731846,28383.0,0.1652397561920868,0.0924849381672127,0.072754818024874,-0.0303190405073292,,50,55,33,39
2021-07-20,29807.34765625,-0.0327889506950178,0.9485032326406148,0.0188278791733354,0.1899706185398937,30669.0,0.1767582901300988,0.1158824872020607,0.0608758029280381,-0.0118790150968359,,50,55,33,39
2021-07-21,32110.693359375,0.0772744267516882,1.02511461540981,0.0383240275654037,0.2332063758301862,38395.0,0.1648652168251074,0.079802057559578,0.0850631592655293,0.0241873563374912,,50,55,33,39
2021-07-22,32313.10546875,0.006303573302191,1.0290779357048585,0.0361502933938229,0.2755408423211804,30226.0,0.1569178852643419,0.0683517501488784,0.0885661351154634,0.0035029758499341,,50,55,33,39
2021-07-23,33581.55078125,0.039254825375008,1.0590666027863271,0.0378646995595046,0.265777658956178,43015.0,0.139300244100895,0.0668139021271649,0.07248634197373,-0.0160797931417333,,50,55,33,39
2021-07-24,34292.4453125,0.0211691990009861,1.06820641992245,0.0379798150306063,0.265695532483876,31785.0,0.1982381626553405,0.0812647475224162,0.1169734151329243,0.0444870731591942,,50,55,33,39
2021-07-25,35350.1875,0.0308447583093305,1.0840140392037676,0.0385364479625756,0.2474453906859769,11531.0,0.2273003208741653,0.0914057757349752,0.13589454513919,0.0189211300062656,,50,55,33,39
2021-07-26,37337.53515625,0.0562188717174414,1.113163067509962,0.0347996972876966,0.1523087453169764,27226.0,0.394255491074708,0.0859839858958348,0.3082715051788731,0.1723769600396831,,50,55,33,39
2021-07-27,39406.94140625,0.0554242866150631,1.1287115444973126,0.0230598425555482,0.2547667782305006,13744.0,0.2201688009313155,0.1037543655413271,0.1164144353899883,-0.1918570697888847,,50,55,33,39
2021-07-28,39995.90625,0.01494571318485,1.10977456573613,0.0187830523112792,0.2386249199817101,15309.0,0.2215690116924684,0.0965445162976027,0.1250244953948657,0.0086100600048773,,50,55,33,39
2021-07-29,40008.421875,0.0003129226506775,1.0772617377541551,0.0201946730066682,0.3779920825335893,18756.0,0.1851674130944764,0.0620601407549584,0.123107272339518,-0.0019172230553477,,50,55,33,39
2021-07-30,42235.546875,0.0556664046124664,1.1005924397836289,0.0220138797185977,0.2471097508499787,37648.0,0.1936623459413514,0.0847056948576285,0.1089566510837228,-0.0141506212557951,,50,55,33,39
2021-07-31,41626.1953125,-0.0144274576177131,1.0558870552632402,0.0283564830160236,,,,,,,,50,55,33,39
2021-08-01,39974.89453125,-0.0396697504745078,0.9972871732628568,0.0381803651692532,,,,,,,93.0,47,52,45,48
2021-08-02,39201.9453125,-0.0193358663684717,0.971548101970867,0.0364150863529334,,,,,,,83.0,47,52,45,48
2021-08-03,38152.98046875,-0.0267579793652619,0.9497680164800594,0.0315487664976989,,,,,,,81.0,47,52,45,48
2021-08-04,39747.50390625,0.0417928931871005,0.9903364114265292,0.0355247758224485,0.1978027491408935,1746.0,0.2170675830469645,0.0819014891179839,0.1351660939289805,0.0262094428452576,73.0,47,52,45,48
2021-08-05,40869.5546875,0.0282294652740084,1.015181443712209,0.0371656073941352,0.2176266677487421,12322.0,0.2204999188443434,0.0913001136179191,0.1291998052264242,-0.0059662887025562,67.0,47,52,45,48
2021-08-06,42816.5,0.0476380358774859,1.0613546935264282,0.0354894009658917,0.2514478912355486,15483.0,0.2282503390815733,0.0773751856875282,0.150875153394045,0.0216753481676207,13.0,47,52,45,48
2021-08-07,44555.80078125,0.0406222082900282,1.0931287753257692,0.0371868526926298,0.2388827726490377,12782.0,0.2320450633703645,0.0886402753872633,0.1434047879831012,-0.0074703654109438,20.0,47,52,45,48
2021-08-08,43798.1171875,-0.0170052738468309,1.0603315799666455,0.0327155848017292,0.2492742429244575,33319.0,0.1876106725892133,0.0829556709385035,0.1046550016507097,-0.0387497863323914,74.0,47,52,45,48
2021-08-09,46365.40234375,0.0586163360689555,1.095347277609839,0.0327960860008135,0.3025374828662808,52528.0,0.1520522388059701,0.0627855619859884,0.0892666768199817,-0.015388324830728,47.0,47,52,45,48
2021-08-10,45585.03125,-0.0168308923098386,1.0505610530666054,0.0302893245914096,,,,,,,74.0,47,52,45,48
2021-08-11,45593.63671875,0.000188778388739,1.030917013586085,0.0307230777111254,,,,,,,75.0,47,52,45,48
2021-08-12,44428.2890625,-0.0255594363625475,0.9931508753788192,0.034768233766414,,,,,,,28.0,47,52,45,48
2021-08-13,47793.3203125,0.0757407345861598,1.0516586989683283,0.0401787651948365,,,,,,,,47,52,45,48
2021-08-14,47096.9453125,-0.0145705507683229,1.0281227908925843,0.0400078997083352,0.3109638863567305,13164.0,0.1511698571862655,0.0717866909753874,0.0793831662108781,-0.0098835106091035,,47,52,45,48
2021-08-15,47047.00390625,-0.0010603958689597,1.016731205107424,0.0387701847684478,0.2796841275179069,29737.0,0.175135353263611,0.0715606819786797,0.1035746712849312,0.024191505074053,,47,52,45,48
2021-08-16,46004.484375,-0.0221591056749844,0.995310380597396,0.0341538041125684,0.2821833276275248,32131.0,0.1851482991503532,0.0736671750023341,0.111481124148019,0.0079064528630878,,47,52,45,48
2021-08-17,44695.359375,-0.0284564650117329,0.9696536521463966,0.0353492837450189,0.2980110447330447,34650.0,0.1879076479076479,0.0758152958152958,0.112092352092352,0.000611227944333,,47,52,45,48
2021-08-18,44801.1875,0.0023677653895135,0.9743425456250088,0.0353896572156256,0.3231150614337248,36869.0,0.1879627871653693,0.0712251484987387,0.1167376386666305,0.0046452865742784,,47,52,45,48
2021-08-19,46717.578125,0.0427754426152209,1.0088450284425636,0.0371525866799284,0.2587188740644321,33803.0,0.1743928053723042,0.0763837529213383,0.0980090524509658,-0.0187285862156646,,47,52,45,48
2021-08-20,49339.17578125,0.0561158724717174,1.0604003418388306,0.0320112361157015,0.2623916582628707,38673.0,0.1934683112248856,0.0649290202466837,0.1285392909782018,0.0305302385272359,,47,52,45,48
2021-08-21,48905.4921875,-0.0087898426936189,1.045275415495067,0.0314979915448621,0.2608316454511419,10684.0,0.1579932609509547,0.0717895919131411,0.0862036690378135,-0.0423356219403883,,47,52,45,48
2021-08-22,49321.65234375,0.008509476904035,1.0468991616245351,0.0313788125078633,,,,,,,,47,52,45,48
2021-08-23,49546.1484375,0.0045516742258624,1.0404901545978134,0.0287487899293842,0.2246005792064871,10359.0,0.1724104643305338,0.0751037744956076,0.0973066898349261,0.0111030207971126,,47,52,45,48
2021-08-24,47706.1171875,-0.0371377252930388,0.992880566969812,0.0309204639368022,0.2684919149590558,26011.0,0.1795778709007727,0.0742378224597285,0.1053400484410441,0.008033358606118,,47,52,45,48
2021-08-25,48960.7890625,0.0263000208142856,1.0065450521423076,0.0313203236646878,0.3748437894782855,45753.0,0.165847048280987,0.0609358949139947,0.1049111533669923,-0.0004288950740518,,47,52,45,48
2021-08-26,46942.21875,-0.0412283043462234,0.9644106428167938,0.0342217795633529,0.3112211614914902,38485.0,0.1851890346888398,0.0733272703650773,0.1118617643237625,0.0069506109567701,,47,52,45,48
2021-08-27,49058.66796875,0.0450862629655739,1.008722771623091,0.0315944426565726,,,,,,,,47,52,45,48
2021-08-28,48902.40234375,-0.0031852806337819,1.0055188326040512,0.0314275055546692,,,,,,,,47,52,45,48
2021-08-29,48829.83203125,-0.001483982565721,1.0054792451576176,0.0312041316497769,,,,,,,,47,52,45,48
2021-08-30,47054.984375,-0.0363476092875793,0.9760853423019364,0.0337306739881419,,,,,,,,47,52,45,48
2021-08-31,47166.6875,0.0023738850726162,0.9799689599081112,0.0309882965215228,,,,,,,,47,52,45,48
2021-09-01,48847.02734375,0.0356255639904752,1.0152237036278269,0.032482856498964,,,,,,,93.0,47,60,48,56
2021-09-02,49327.72265625,0.0098408304177286,1.0180040170695224,0.0267826858121235,,,,,,,95.0,47,60,48,56
2021-09-03,50025.375,0.0141432100689449,1.0294678081960849,0.0218058250058445,,,,,,,81.0,47,60,48,56
2021-09-04,49944.625,-0.0016141808032423,1.0246665108347364,0.0217418976205244,,,,,,,70.0,47,60,48,56
2021-09-05,51753.41015625,0.0362158121369415,1.0527549922227424,0.0247660931179873,,,,,,,73.0,47,60,48,56
2021-09-06,52633.53515625,0.0170061257285807,1.0535786386272652,0.0146262665889894,,,,,,,14.0,47,60,48,56
2021-09-07,46811.12890625,-0.1106216071695616,0.9379837787610202,0.0529250978675112,,,,,,,20.0,47,60,48,56
2021-09-08,46091.390625,-0.0153753668853284,0.9309049670943188,0.050575983024007,,,,,,,65.0,47,60,48,56
2021-09-09,46391.421875,0.0065094857397784,0.9449705083716924,0.0503941153684977,,,,,,,45.0,47,60,48,56
2021-09-10,44883.91015625,-0.0324954842473235,0.9281495603681268,0.0499822052445733,0.2552893597359736,22725.0,0.1565676567656765,0.0727392739273927,0.0838283828382838,-0.0280333814854786,72.0,47,60,48,56
2021-09-11,45201.45703125,0.007074848735205,0.9479993723620272,0.0504879468206031,,,,,,,84.0,47,60,48,56
2021-09-12,46063.26953125,0.0190660336325925,0.9828295132304532,0.048079267740103,,,,,,,29.0,47,60,48,56
2021-09-13,44963.07421875,-0.0238844381585552,0.9823219947242904,0.045759306134889,,,,,,,,47,60,48,56
2021-09-14,47092.4921875,0.0473592610325122,1.0279413548129994,0.0273869798135056,,,,,,,,47,60,48,56
2021-09-15,48176.34765625,0.0230154620918043,1.044807053160413,0.0273966884633061,,,,,,,,47,60,48,56
2021-09-16,47783.359375,-0.0081572867261351,1.0318345292163331,0.0279381175025119,,,,,,,,47,60,48,56
2021-09-17,47267.51953125,-0.0107953867308016,1.0132449855803791,0.0239863797288657,,,,,,,,47,60,48,56
2021-09-18,48278.36328125,0.021385589090024,1.0252533384556402,0.0245393572959501,,,,,,,,47,60,48,56
2021-09-19,47260.21875,-0.021089044077959,1.0000004723092637,0.0265713446305926,,,,,,,,47,60,48,56
2021-09-20,42843.80078125,-0.0934489531695195,0.9123963736256344,0.0466154438407161,,,,,,,,47,60,48,56
2021-09-21,40693.67578125,-0.0501852067461991,0.8838126807508471,0.0424933218726396,,,,,,,,47,60,48,56
2021-09-22,43574.5078125,0.0707931140636199,0.9600886592992118,0.0526019200861208,,,,,,,,47,60,48,56
2021-09-23,44895.09765625,0.0303064775724482,0.9982608733416116,0.0552428701561024,,,,,,,,47,60,48,56
2021-09-24,42839.75,-0.0457811156128283,0.9661480095827432,0.0570996631891434,,,,,,,,47,60,48,56
2021-09-25,42716.59375,-0.0028748125280843,0.9809480386924032,0.055324296700016,,,,,,,,47,60,48,56
2021-09-26,43208.5390625,0.0115164920540977,1.005611588814891,0.056323349590104,,,,,,,,47,60,48,56
2021-09-27,42235.73046875,-0.0225142671994269,0.9849622778347512,0.0429064355793576,,,,,,,,47,60,48,56
2021-09-28,41034.54296875,-0.0284400787359118,0.955864390096044,0.0392565037495171,,,,,,,,47,60,48,56
2021-09-29,41564.36328125,0.0129115685022613,0.974726263777108,0.0271532637017477,,,,,,,,47,60,48,56
2021-09-30,43790.89453125,0.0535682751816484,1.0307536733659743,0.0328773064029742,,,,,,,,47,60,48,56
2021-10-01,48116.94140625,0.0987887304268892,1.112833298833251,0.0434461382014981,,,,,,,94.0,57,64,61,62
2021-10-02,47711.48828125,-0.0084264110134676,1.08554152023321,0.0439119900595403,,,,,,,92.0,57,64,61,62
2021-10-03,48199.953125,0.010237887379882,1.0791474429056829,0.0439354554029563,,,,,,,68.0,57,64,61,62
2021-10-04,49112.90234375,0.0189408735809843,1.0759213470500804,0.0405620896107925,,,,,,,70.0,57,64,61,62
2021-10-05,51514.8125,0.0489058891172546,1.092700846574799,0.0345911415258156,,,,,,,72.0,57,64,61,62
2021-10-06,55361.44921875,0.0746704982911468,1.1271687889516877,0.036180200513475,,,,,,,21.0,57,64,61,62
2021-10-07,53805.984375,-0.02809653406297,1.064490790915987,0.0440091817428626,,,,,,,20.0,57,64,61,62
2021-10-08,53967.84765625,0.0030082765538104,1.0503246664387986,0.0339933556800348,,,,,,,71.0,57,64,61,62
2021-10-09,54968.22265625,0.0185364998502797,1.0486368782122155,0.0321883969691083,,,,,,,46.0,57,64,61,62
2021-10-10,54771.578125,-0.003577422040362,1.0265011402399555,0.0333056016300434,,,,,,,71.0,57,64,61,62
2021-10-11,57484.7890625,0.0495368406458527,1.0537318673514855,0.0352034225691055,,,,,,,75.0,57,64,61,62
2021-10-12,56041.05859375,-0.0251149998511834,1.0152341260501383,0.0372577640578361,,,,,,,24.0,57,64,61,62
2021-10-13,57401.09765625,0.0242686183421181,1.0344122273045544,0.0275196062786609,,,,,,,,57,64,61,62
2021-10-14,57321.5234375,-0.0013862839213726,1.0237132333631975,0.0236236284765419,,,,,,,,57,64,61,62
2021-10-15,61593.94921875,0.0745344074099565,1.079021098286171,0.0331253773640106,,,,,,,,57,64,61,62
2021-10-16,60892.1796875,-0.0113934816674552,1.051143689713958,0.0350641699869002,,,,,,,,57,64,61,62
2021-10-17,61553.6171875,0.0108624375641421,1.0450827959654247,0.0342309508479463,,,,,,,,57,64,61,62
2021-10-18,62026.078125,0.0076755998930302,1.0416310333268848,0.0312844346352192,0.264488258464262,22595.0,0.175392786014605,0.0678026111971675,0.1075901748174374,0.0237617919791536,,57,64,61,62
2021-10-19,64261.9921875,0.036047967727284,1.058307216334767,0.0277746435552396,0.2497560098915124,62680.0,0.2225111678366305,0.0734045947670708,0.1491065730695596,0.0415163982521221,,57,64,61,62
2021-10-20,65992.8359375,0.0269341751022882,1.0652788805199838,0.027860877473932,0.2353137343721688,33114.0,0.3022890620281452,0.0702119949266171,0.232077067101528,0.0829704940319684,,57,64,61,62
2021-10-21,62210.171875,-0.0573193136612958,0.99302301930725,0.0407475554655386,0.2477386008328376,42025.0,0.2104937537180249,0.0900654372397382,0.1204283164782867,-0.1116487506232413,,57,64,61,62
2021-10-22,60692.265625,-0.0243996472642762,0.9707896936850604,0.0324817543167606,0.287222040603075,53592.0,0.1917636960740409,0.0774555903866248,0.114308105687416,-0.0061202107908707,,57,64,61,62
2021-10-23,61393.6171875,0.011555863919028,0.9808841057194814,0.0325385722175315,0.3023619285677472,38806.0,0.1900736999433077,0.0739576354172035,0.1161160645261041,0.0018079588386881,,57,64,61,62
2021-10-24,60930.8359375,-0.007537937512081,0.9748760013169764,0.0323726103057394,,,,,,,,57,64,61,62
2021-10-25,63039.82421875,0.0346128236844363,1.006287550991985,0.0350345839937553,,,,,,,,57,64,61,62
2021-10-26,60363.79296875,-0.0424498526632005,0.9722131976056568,0.0352847967748117,,,,,,,,57,64,61,62
2021-10-27,58482.38671875,-0.0311677937629597,0.958474240119898,0.0322500430210317,0.2568807252350298,21593.0,0.1958041958041958,0.0757652943083406,0.1200389014958551,0.0039228369697509,,57,64,61,62
2021-10-28,60622.13671875,0.0365879390369336,0.997250683907238,0.0317208235825471,0.2544315877636204,36416.0,0.1950790861159929,0.0849351933216168,0.1101438927943761,-0.009895008701479,,57,64,61,62
2021-10-29,62227.96484375,0.026489137663525,1.019985913334177,0.0319293800466347,0.2726269828456105,34685.0,0.1824419778002018,0.0721349286435058,0.110307049156696,0.0001631563623198,,57,64,61,62
2021-10-30,61888.83203125,-0.0054498457944356,1.0132521910198886,0.0318714750254445,,,,,,,,57,64,61,62
2021-10-31,61318.95703125,-0.0092080425707864,1.003011620691333,0.0319544724266212,,,,,,,,57,64,61,62
2021-11-01,61004.40625,-0.0051297477399965,1.002635230922283,0.0284224090350592,,,,,,,90.0,49,68,98,100
2021-11-02,63226.40234375,0.0364235344680532,1.0322170289037715,0.0261168712854535,,,,,,,93.0,49,68,98,100
2021-11-03,62970.046875,-0.0040545635881074,1.0173835660541295,0.0209453396490901,,,,,,,73.0,49,68,98,100
2021-11-04,61452.23046875,-0.0241037839667321,0.9909621575069468,0.0211767442380297,0.2723168503875667,25673.0,0.1760215011880185,0.0657500097378569,0.1102714914501616,-3.555770653435042e-05,76.0,49,68,98,100
2021-11-05,61125.67578125,-0.0053139598841096,0.9882055913670168,0.0183320220968527,0.2702600962770957,35107.0,0.1736690688466687,0.0679066852764406,0.1057623835702281,-0.0045091078799334,61.0,49,68,98,100
2021-11-06,61527.48046875,0.0065734191461201,0.9955323084716508,0.0185749643635904,0.2772441630691175,44938.0,0.1997863723352174,0.0855400774400284,0.1142462948951889,0.0084839113249607,21.0,49,68,98,100
2021-11-07,63326.98828125,0.0292472208969125,1.019914923418683,0.0211037388834828,,,,,,,20.0,49,68,98,100
2021-11-08,67566.828125,0.0669515471811146,1.0720137298780434,0.0302835764957897,,,,,,,70.0,49,68,98,100
2021-11-09,66971.828125,-0.0088060963717171,1.0536289408263997,0.0297742139186187,,,,,,,31.0,49,68,98,100
2021-11-10,64995.23046875,-0.0295138674213993,1.0178992291984983,0.0329899146731928,,,,,,,71.0,49,68,98,100
2021-11-11,64949.9609375,-0.0006965054346836,1.009292050968766,0.0306609255269058,0.2493565212945447,19559.0,0.1922388670177412,0.0921826269236668,0.1000562400940743,-0.0141900548011145,77.0,49,68,98,100
2021-11-12,64155.94140625,-0.0122250963632459,0.9902916786863256,0.0312697863758902,0.2643403516819572,39240.0,0.2188328236493374,0.0986748216106014,0.1201580020387359,0.0201017619446616,16.0,49,68,98,100
2021-11-13,64469.52734375,0.004887870563917,0.9887177833393956,0.0312794184129725,,,,,,,,49,68,98,100
2021-11-14,65466.83984375,0.0154695177875643,0.9993277510408064,0.0300802736369593,,,,,,,,49,68,98,100
2021-11-15,63557.87109375,-0.0291593233239323,0.978744393394187,0.0169715972936888,,,,,,,,49,68,98,100
2021-11-16,60161.24609375,-0.0534414533015095,0.9405304276718272,0.0243512345528775,,,,,,,,49,68,98,100
2021-11-17,60368.01171875,0.0034368574194389,0.953617799950258,0.0242761593706783,,,,,,,,49,68,98,100
2021-11-18,56942.13671875,-0.0567498398980057,0.9160542263318416,0.0295935466455725,0.2057295683743445,34706.0,0.2287788854953034,0.1287673601106436,0.1000115253846597,-0.0201464766540762,,49,68,98,100
2021-11-19,58119.578125,0.0206778578061734,0.9481497765586224,0.0331681570023599,0.2238157106570117,52754.0,0.2269780490578913,0.1178109716798726,0.1091670773780187,0.009155551993359,,49,68,98,100
2021-11-20,59697.1953125,0.0271443330869842,0.9848401685677534,0.0361575397309335,,,,,,,,49,68,98,100
2021-11-21,58730.4765625,-0.0161937046613239,0.9845221667271532,0.0342434443469629,,,,,,,,49,68,98,100
2021-11-22,56289.2890625,-0.0415659405964827,0.960315390410238,0.0354487257272022,,,,,,,,49,68,98,100
2021-11-23,57569.07421875,0.022735855747423,0.988393281222313,0.0338095930920399,,,,,,,,49,68,98,100
2021-11-24,56280.42578125,-0.0223843870166022,0.9760542105520944,0.0339954146819474,0.2436726443768997,6251.0,0.1791713325867861,0.0721484562470004,0.1070228763397856,-0.002144201038233,,49,68,98,100
2021-11-25,57274.6796875,0.0176660693740031,0.9924795634909738,0.027461695241188,0.3332626594204877,36617.0,0.1849141109320807,0.069940191714231,0.1149739192178496,0.007951042878064,,49,68,98,100
2021-11-26,53569.765625,-0.064686770536555,0.938853580378415,0.0356688808121709,0.2445647919589423,56311.0,0.2164941130507361,0.115874340714958,0.1006197723357781,-0.0143541468820715,,49,68,98,100
2021-11-27,54815.078125,0.023246554945143,0.9725666605643184,0.0350090460757843,,,,,,,,49,68,98,100
2021-11-28,57248.45703125,0.0443925100444249,1.0195712833276154,0.0406622098722546,,,,,,,,49,68,98,100
2021-11-29,57806.56640625,0.009748898117819,1.0255520442082855,0.0369785517484189,,,,,,,,49,68,98,100
2021-11-30,57005.42578125,-0.0138589899868777,1.012785728266336,0.0364716259390072,,,,,,,,49,68,98,100
2021-12-01,57229.828125,0.0039365085108058,1.0143283933364593,0.0352558577788497,,,,,,,84.0,53,60,71,86
2021-12-02,56477.81640625,-0.0131402057875741,1.003023641917549,0.0349716182037463,,,,,,,92.0,53,60,71,86
2021-12-03,53598.24609375,-0.0509858648179134,0.9518148384305478,0.0306392356070763,,,,,,,70.0,53,60,71,86
2021-12-04,49200.703125,-0.0820463968365335,0.8863461997282625,0.042358118640586,,,,,,,74.0,53,60,71,86
2021-12-05,49368.84765625,0.003417522933012,0.907783927437272,0.0351799018021721,,,,,,,68.0,53,60,71,86
2021-12-06,50582.625,0.0245858957900213,0.9480936755719952,0.0376570471702668,,,,,,,28.0,53,60,71,86
2021-12-07,50700.0859375,0.0023221597831271,0.966615065733924,0.038518076412927,,,,,,,25.0,53,60,71,86
2021-12-08,50504.796875,-0.0038518487471744,0.980857633316791,0.037929355952707,,,,,,,70.0,53,60,71,86
2021-12-09,47672.12109375,-0.0560872621319695,0.9490296353159048,0.0406543244075712,,,,,,,32.0,53,60,71,86
2021-12-10,47243.3046875,-0.0089951190845213,0.9578033228194452,0.0389201602199078,,,,,,,78.0,53,60,71,86
2021-12-11,49362.5078125,0.0448572160440061,1.000298944338387,0.0315150911271256,0.2076853241749036,5969.0,0.2038867481990283,0.0995141564751214,0.1043725917239068,0.0037528193881287,74.0,53,60,71,86
2021-12-12,50098.3359375,0.0149066195703628,1.0130706171901314,0.0319825713372255,,,,,,,27.0,53,60,71,86
2021-12-13,46737.48046875,-0.0670851717099511,0.9557246726340144,0.039806306281129,,,,,,,,53,60,71,86
2021-12-14,46612.6328125,-0.0026712534564946,0.9646905704818988,0.0395656567443747,,,,,,,,53,60,71,86
2021-12-15,48896.72265625,0.049001519672527,1.0167960934147011,0.0456911183891615,,,,,,,,53,60,71,86
2021-12-16,47665.42578125,-0.0251815828978184,0.9912112731339308,0.0408132391450848,,,,,,,,53,60,71,86
2021-12-17,46202.14453125,-0.0306990072157418,0.9637630061178528,0.0424537665703798,0.2488293562708102,19822.0,0.1880738573302391,0.1469579255372818,0.0411159317929573,-0.0632566599309495,,53,60,71,86
2021-12-18,46848.77734375,0.0139957315631233,0.9846272300318392,0.0382150150309872,,,,,,,,53,60,71,86
2021-12-19,46707.015625,-0.0030259427628138,0.9917460242078342,0.0370606511470418,,,,,,,,53,60,71,86
2021-12-20,46880.27734375,0.0037095437683511,0.9949939671660764,0.0262459428920627,,,,,,,,53,60,71,86
2021-12-21,48936.61328125,0.0438635616940126,1.0313705402936049,0.0306376033741498,,,,,,,,53,60,71,86
2021-12-22,48628.51171875,-0.0062959314476722,1.0257053910758491,0.0248903336048234,,,,,,,,53,60,71,86
2021-12-23,50784.5390625,0.0443366919436007,1.0612078699629257,0.0270156332540424,,,,,,,,53,60,71,86
2021-12-24,50822.1953125,0.0007414904357732,1.0475472922992657,0.0211492704828268,,,,,,,,53,60,71,86
2021-12-25,50429.859375,-0.007719775485643,1.028613981132641,0.022631771377252,,,,,,,,53,60,71,86
2021-12-26,50809.515625,0.0075284019171428,1.0241154689177443,0.0219194990649004,,,,,,,,53,60,71,86
2021-12-27,50640.41796875,-0.0033280706216139,1.0097742694403844,0.0225180252609355,,,,,,,,53,60,71,86
2021-12-28,47588.85546875,-0.0602594256209162,0.952583009485134,0.0310945795582557,,,,,,,,53,60,71,86
2021-12-29,46444.7109375,-0.0240422788062495,0.9355228155422308,0.0320505137364329,0.1767289831865492,3747.0,0.3175874032559381,0.1326394448892447,0.1849479583666933,0.143832026573736,,53,60,71,86
2021-12-30,47178.125,0.0157911212643124,0.9602609448396516,0.0259914896365244,0.2256637679371736,24321.0,0.2139303482587064,0.1212943546729164,0.09263599358579,-0.0923119647809033,,53,60,71,86
2021-12-31,46306.4453125,-0.0184763529177982,0.9550592058294404,0.0256215449797235,,,,,,,,53,60,71,86
2022-01-01,47686.8125,0.0298093964713672,0.9915426882013004,0.0303634529834754,,,,,,,21.0,64,68,80,84
2022-01-02,47345.21875,-0.0071632749620244,0.9946755557858624,0.0296128122180826,,,,,,,26.0,64,68,80,84
2022-01-03,46458.1171875,-0.0187368774698079,0.9884456865821946,0.0296060538155563,,,,,,,51.0,64,68,80,84
2022-01-04,45897.57421875,-0.0120655550135126,0.9815653195434716,0.0200751198999488,,,,,,,50.0,64,68,80,84
2022-01-05,43569.00390625,-0.0507340606150975,0.9400252997424466,0.0262683741867779,,,,,,,22.0,64,68,80,84
2022-01-06,43160.9296875,-0.0093661590158929,0.9428957008515448,0.023928449710066,,,,,,,17.0,64,68,80,84
2022-01-07,41557.90234375,-0.0371407046918699,0.9215325941043874,0.0257529200646572,,,,,,,11.0,64,68,80,84
2022-01-08,41733.94140625,0.0042359949028196,0.9432230883756296,0.019436424961736,,,,,,,33.0,64,68,80,84
2022-01-09,41911.6015625,0.0042569704720818,0.9641529701878618,0.0210160291006871,,,,,,,20.0,64,68,80,84
2022-01-10,41821.26171875,-0.0021554853640055,0.9769620163959086,0.0217579561423732,,,,,,,20.0,64,68,80,84
2022-01-11,42735.85546875,0.0218691094532414,1.008973279827016,0.0258609947566518,0.2134451307445052,11511.0,0.1932064981322213,0.0917383372426374,0.1014681608895838,0.0088321673037938,30.0,64,68,80,84
2022-01-12,43949.1015625,0.0283894186846727,1.0362889333410106,0.021612024782914,0.2352098132561164,40751.0,0.1864739515594709,0.0808569114868346,0.1056170400726362,0.0041488791830524,27.0,64,68,80,84
2022-01-13,42591.5703125,-0.0308887144841734,1.0062090791365776,0.0247788675518253,0.2174225135623869,42028.0,0.1942276577519748,0.0865613400590082,0.1076663176929665,0.0020492776203303,,64,68,80,84
2022-01-14,43099.69921875,0.0119302693589786,1.0129426002182147,0.0192689381255033,0.2591012040898695,29732.0,0.1627539351540428,0.0850935019507601,0.0776604332032826,-0.0300058844896839,,64,68,80,84
2022-01-15,43177.3984375,0.0018027786773091,1.009874487813405,0.0193112069902481,,,,,,,,64,68,80,84
2022-01-16,43113.87890625,-0.0014711291913973,1.0043541951261592,0.0194617384253363,,,,,,,,64,68,80,84
2022-01-17,42250.55078125,-0.0200243667909649,0.9828385198617844,0.0215113317758084,,,,,,,,64,68,80,84
2022-01-18,42375.6328125,0.0029604828561313,0.9869296290926748,0.0196715607724502,,,,,,,,64,68,80,84
2022-01-19,41744.328125,-0.0148978232441587,0.9794110985565118,0.0152494020795382,0.1983974253629142,3651.0,0.2073404546699534,0.1221583127910161,0.0851821418789372,0.0075217086756546,,64,68,80,84
2022-01-20,40680.41796875,-0.025486340397292,0.9606028020245536,0.0138723978389902,0.2130767037037037,21600.0,0.2056018518518518,0.1322685185185185,0.0733333333333333,-0.0118488085456039,,64,68,80,84
2022-01-21,36457.31640625,-0.1038116561571248,0.8806129555240222,0.0394256513017458,0.1560735030591237,34487.0,0.1974077188505813,0.23255139617827,-0.0351436773276886,-0.108477010661022,,64,68,80,84
2022-01-22,35030.25,-0.0391434846807691,0.8706184352253376,0.0380198246409037,0.1709690447160234,70534.0,0.2282303569909547,0.1725550798196614,0.0556752771712932,0.0908189544989819,,64,68,80,84
2022-01-23,36276.8046875,0.035585092527173,0.924030183510894,0.0444988089917416,,,,,,,,64,68,80,84
2022-01-24,36654.328125,0.010406744495611,0.9530539167653944,0.0464649247024422,,,,,,,,64,68,80,84
2022-01-25,36954.00390625,0.0081757270308715,0.9805933609662966,0.04693648230967,,,,,,,,64,68,80,84
2022-01-26,36852.12109375,-0.0027570168785626,0.9963678042078076,0.0473606784150733,,,,,,,,64,68,80,84
2022-01-27,37138.234375,0.0077638212607122,1.0180315119054684,0.0481068068299592,,,,,,,,64,68,80,84
2022-01-28,37784.33203125,0.017397102127314,1.0303878131000603,0.0229959115106963,,,,,,,,64,68,80,84
2022-01-29,38138.1796875,0.0093649308384582,1.027595492646037,0.0116598042236746,,,,,,,,64,68,80,84
2022-01-30,37917.6015625,-0.0057836563466686,1.0152403168326334,0.0079516276412959,,,,,,,,64,68,80,84
2022-01-31,38483.125,0.0149145361045013,1.0232245722534128,0.0084878723235919,,,,,,,,64,68,80,84
2022-02-01,38743.2734375,0.0067600652883568,1.0231876538050697,0.0084717214012016,,,,,,,29.0,57,58,64,61
2022-02-02,36952.984375,-0.0462090294303103,0.9755359203283176,0.0222846071960712,,,,,,,28.0,57,58,64,61
2022-02-03,37154.6015625,0.0054560461329451,0.9807979483525924,0.0221752729369466,,,,,,,52.0,57,58,64,61
2022-02-04,41500.875,0.116978066100073,1.0803876413279307,0.0476687514767523,,,,,,,52.0,57,58,64,61
2022-02-05,41441.1640625,-0.0014387874352046,1.065741890308783,0.0479947260792129,,,,,,,28.0,57,58,64,61
2022-02-06,42412.43359375,0.0234373129525311,1.0730011592884003,0.04746353506166,,,,,,,13.0,57,58,64,61
2022-02-07,43840.28515625,0.0336658720453715,1.0880580210886208,0.04788890635998,,,,,,,14.0,57,58,64,61
2022-02-08,44118.4453125,0.0063448528050995,1.074484271631252,0.0479062150107196,,,,,,,31.0,57,58,64,61
2022-02-09,44338.796875,0.0049945450466173,1.05279724565191,0.0392104924020379,0.2129954349698535,24381.0,0.2353882121323982,0.0878963127025142,0.1474918994298839,0.0918166222585906,25.0,57,58,64,61
2022-02-10,43565.11328125,-0.0174493592131327,1.0124119099568196,0.0420890138612643,,,,,,,24.0,57,58,64,61
2022-02-11,42407.9375,-0.0265619826070333,0.9825614310154884,0.0210864253526915,,,,,,,30.0,57,58,64,61
2022-02-12,42244.46875,-0.0038546734323026,0.9761784595851664,0.0211927357112379,,,,,,,27.0,57,58,64,61
2022-02-13,42197.515625,-0.0011114620775056,0.9757857650027326,0.0191846025066102,,,,,,,,57,58,64,61
2022-02-14,42586.91796875,0.0092280869615768,0.988884832231518,0.0134150995776515,0.1845406628787878,5280.0,0.2003787878787878,0.0922348484848484,0.1081439393939393,-0.0393479600359445,,57,58,64,61
2022-02-15,44575.203125,0.0466876977974548,1.0334876929998265,0.023191147911532,0.2291747778297474,8552.0,0.2246258185219831,0.0818521983161833,0.1427736202057998,0.0346296808118604,,57,58,64,61
2022-02-16,43961.859375,-0.0137597522164965,1.0205412887853391,0.0238007904700784,0.2131951741861793,3502.0,0.2181610508280982,0.086521987435751,0.1316390633923472,-0.0111345568134526,,57,58,64,61
2022-02-17,40538.01171875,-0.0778822302997733,0.9506021993207192,0.0385850384057734,0.2157948393711551,17556.0,0.2062542720437457,0.1310093415356573,0.0752449305080883,-0.0563941328842588,,57,58,64,61
2022-02-18,40030.9765625,-0.0125076473845776,0.946247084244794,0.0379299825587483,0.2218824768988055,17748.0,0.1845841784989858,0.1208023439260761,0.0637818345729096,-0.0114630959351787,,57,58,64,61
2022-02-19,40122.15625,0.0022777282826873,0.9552483633117602,0.0381185134335952,,,,,,,,57,58,64,61
2022-02-20,38431.37890625,-0.0421407397253231,0.926866124908239,0.0402110615324854,,,,,,,,57,58,64,61
2022-02-21,37075.28125,-0.0352862086879078,0.911468873880836,0.0396066469900239,,,,,,,,57,58,64,61
2022-02-22,38286.02734375,0.0326564237122273,0.9624935837676044,0.0360604657893891,,,,,,,,57,58,64,61
2022-02-23,37296.5703125,-0.0258438156136229,0.9606137526328664,0.0359126611132748,,,,,,,,57,58,64,61
2022-02-24,38332.609375,0.0277784003681638,0.99537518547714,0.0298041427143702,,,,,,,,57,58,64,61
2022-02-25,39214.21875,0.0229989397897596,1.0213622808951646,0.0318189109450496,,,,,,,,57,58,64,61
2022-02-26,39105.1484375,-0.0027813970538428,1.0223902930062077,0.0317379299637025,,,,,,,,57,58,64,61
2022-02-27,37709.78515625,-0.0356823420189836,0.9885733329424444,0.0304224002280465,,,,,,,,57,58,64,61
2022-02-28,43193.234375,0.1454118392886461,1.1069609147312771,0.0568820050138078,,,,,,,,57,58,64,61
2022-03-01,44354.63671875,0.026888524570001,1.1120184779427973,0.0567519586868471,,,,,,,29.0,46,48,53,57
2022-03-02,43924.1171875,-0.0097063027250092,1.075691097753502,0.0547798938127715,0.231768212807402,8214.0,0.1924762600438276,0.098490382274166,0.0939858777696615,0.0302040431967519,20.0,46,48,53,57
2022-03-03,42451.7890625,-0.0335198114219356,1.024864703928911,0.0588079405749652,,,,,,,39.0,46,48,53,57
2022-03-04,39137.60546875,-0.0780693503604916,0.9451039038915532,0.0687122343413474,,,,,,,48.0,46,48,53,57
2022-03-05,39400.5859375,0.0067193806468304,0.9504856963149076,0.0687480561317741,,,,,,,27.0,46,48,53,57
2022-03-06,38419.984375,-0.0248879944083952,0.9245671233148972,0.0678615288659432,0.2427696603773585,7950.0,0.1994968553459119,0.1168553459119496,0.0826415094339622,-0.0113443683356993,10.0,46,48,53,57
2022-03-07,38062.0390625,-0.0093166438852826,0.9324009338667272,0.0342824397772663,0.2345237118160456,23832.0,0.1681352802954011,0.1202584759986572,0.0478768042967438,-0.0347647051372183,11.0,46,48,53,57
2022-03-08,38737.26953125,0.0177402599908331,0.9679706018399604,0.0324605745173911,0.1810960111687275,5014.0,0.156761069006781,0.0819704826485839,0.074790586358197,0.0269137820614531,34.0,46,48,53,57
2022-03-09,41982.92578125,0.083786397164149,1.0563936778028196,0.0500477781172967,0.2486373266488704,15359.0,0.175597369620418,0.0903053584217722,0.0852920111986457,0.0105014248404486,21.0,46,48,53,57
2022-03-10,39437.4609375,-0.0606309540457713,1.0032137593958226,0.0536893249567835,0.2478913812628164,32673.0,0.165733174180516,0.1050102531141921,0.0607229210663238,-0.0245690901323218,24.0,46,48,53,57
2022-03-11,38794.97265625,-0.0162913196229393,0.9881003989592004,0.0441997001727154,,,,,,,30.0,46,48,53,57
2022-03-12,38904.01171875,0.0028106492938184,0.9926711678132546,0.0441073966829421,,,,,,,27.0,46,48,53,57
2022-03-13,37849.6640625,-0.0271012579338149,0.967780440968168,0.0443161087075271,,,,,,,,46,48,53,57
2022-03-14,39666.75390625,0.0480080837903738,1.0083313115731651,0.0477546054078098,0.207558759018759,3465.0,0.1645021645021645,0.1229437229437229,0.0415584415584415,-0.0191644795078823,,46,48,53,57
2022-03-15,39338.78515625,-0.0082681015637209,0.9978147330176802,0.0477011983240324,0.250441835545484,30890.0,0.1663321463256717,0.0974749109744253,0.0688572353512463,0.0272987937928047,,46,48,53,57
2022-03-16,41143.9296875,0.045887144813449,1.04678395202547,0.0390877108971181,0.238687264603364,42747.0,0.1692750368446908,0.0815261889723255,0.0877488478723653,0.0188916125211189,,46,48,53,57
2022-03-17,40951.37890625,-0.0046799317107646,1.0361835332843252,0.0292474876089239,0.2171143118466899,22960.0,0.1688588850174216,0.1000435540069686,0.0688153310104529,-0.0189335168619123,,46,48,53,57
2022-03-18,41801.15625,0.0207508847429873,1.04631557662971,0.027962788330369,0.2080279478763533,20413.0,0.1928183020624112,0.1256062313231764,0.0672120707392348,-0.0016032602712181,,46,48,53,57
2022-03-19,42190.65234375,0.0093178306222092,1.0437977821064846,0.0277661335336053,0.3085427385377943,16140.0,0.2379182156133829,0.1419454770755886,0.0959727385377942,0.0287606677985594,,46,48,53,57
2022-03-20,41247.82421875,-0.022346848712323,1.0083616855660102,0.0266623230705315,0.2787360795615076,17697.0,0.2259139967226083,0.109792620218116,0.1161213765044922,0.0201486379666979,,46,48,53,57
2022-03-21,41077.99609375,-0.0041172626245532,0.999284973872265,0.0222294877379152,0.2635092655971479,28050.0,0.2050267379679144,0.0899465240641711,0.1150802139037433,-0.0010411626007489,,46,48,53,57
2022-03-22,42358.80859375,0.0311800141632243,1.019740274423531,0.0232082208011274,0.1507481481481481,81.0,0.0493827160493827,0.0987654320987654,-0.0493827160493827,-0.164462929953126,,46,48,53,57
2022-03-23,42892.95703125,0.0126100911530078,1.0264252199610076,0.0178410218493976,0.2392833104906606,25537.0,0.1885891060030544,0.0937463288561694,0.0948427771468849,0.1442254931962676,,46,48,53,57
2022-03-24,43960.93359375,0.024898646221148,1.0412688846814104,0.0183567236762478,0.2081259951874798,52779.0,0.1809052842986794,0.081888629947517,0.0990166543511623,0.0041738772042774,,46,48,53,57
2022-03-25,44348.73046875,0.0088213976205258,1.041476442367212,0.0177743767766865,,,,,,,,46,48,53,57
2022-03-26,44500.828125,0.003429583093865,1.0370111850623231,0.0178665448398096,,,,,,,,46,48,53,57
2022-03-27,46820.4921875,0.0521263122561272,1.0711944244379492,0.0187010536332949,,,,,,,,46,48,53,57
2022-03-28,47128.00390625,0.0065678873583499,1.0573226185751086,0.0169387997902355,,,,,,,,46,48,53,57
2022-03-29,47465.73046875,0.007166154611,1.0477502159496317,0.0167106440156538,,,,,,,,46,48,53,57
2022-03-30,47062.6640625,-0.0084917350321905,1.0253706371960365,0.0192038565697646,,,,,,,,46,48,53,57
2022-03-31,45538.67578125,-0.0323821082297023,0.9873185605560528,0.0249779457788336,,,,,,,,46,48,53,57
2022-04-01,46281.64453125,0.0163151153882676,0.9974552575928854,0.0253172268922093,,,,,,,23.0,37,48,48,52
2022-04-02,45868.94921875,-0.0089170407983524,0.9844143377027073,0.0259592289513159,,,,,,,20.0,37,48,48,52
2022-04-03,46453.56640625,0.0127453799892374,0.9980838827554412,0.0170482334468276,,,,,,,33.0,37,48,48,52
2022-04-04,46622.67578125,0.0036403959498199,1.0032734219679222,0.0168643765771342,,,,,,,52.0,37,48,48,52
2022-04-05,45555.9921875,-0.0228790728090081,0.9861087118628388,0.0181053739256521,,,,,,,21.0,37,48,48,52
2022-04-06,43206.73828125,-0.0515684939224001,0.946542834205163,0.0254766028661759,,,,,,,14.0,37,48,48,52
2022-04-07,43503.84765625,0.0068764592473051,0.9591598442851558,0.0245054752337137,,,,,,,14.0,37,48,48,52
2022-04-08,42287.6640625,-0.0279557707943397,0.9442238700216948,0.0233812343946209,,,,,,,30.0,37,48,48,52
2022-04-09,42782.13671875,0.0116930709513578,0.964764112928267,0.0251833955666149,,,,,,,20.0,37,48,48,52
2022-04-10,42207.671875,-0.0134276800508243,0.965009184512697,0.0231244912676572,,,,,,,20.0,37,48,48,52
2022-04-11,39521.90234375,-0.0636322595381245,0.925057879425739,0.0286652469546138,,,,,,,30.0,37,48,48,52
2022-04-12,40127.18359375,0.0153150838928612,0.9565897584403072,0.032211922839146,,,,,,,26.0,37,48,48,52
2022-04-13,41166.73046875,0.0259063004651518,0.9882371155077276,0.0317344658919285,0.2257901246994352,17883.0,0.1890622378795504,0.1225745121064698,0.0664877257730805,-0.0325289285780818,,37,48,48,52
2022-04-14,39935.515625,-0.0299080065317459,0.9705578220841464,0.0321592761083437,0.241621218117854,27288.0,0.176817648783348,0.1266857226619759,0.050131926121372,-0.0163557996517085,,37,48,48,52
2022-04-15,40553.46484375,0.0154736757264544,0.9915459407328436,0.0327439913740396,0.2527232068679036,39721.0,0.1725032098889756,0.0953651720752246,0.0771380378137509,0.0270061116923788,,37,48,48,52
2022-04-16,40424.484375,-0.0031805042860567,0.9965993771174444,0.0318838546965353,0.2745642997621662,43728.0,0.1870654957921697,0.1004162092938163,0.0866492864983534,0.0095112486846025,,37,48,48,52
2022-04-17,39716.953125,-0.0175025423561756,0.9878216082456692,0.0320391328662585,0.1938889266304348,8832.0,0.1656476449275362,0.1059782608695652,0.059669384057971,-0.0269799024403824,,37,48,48,52
2022-04-18,40826.21484375,0.0279291746086074,1.0107266177369794,0.0222600663987546,0.234579567170429,52538.0,0.2050515817122844,0.1007461266131181,0.1043054550991663,0.0446360710411953,,37,48,48,52
2022-04-19,41502.75,0.0165710967533785,1.022501052947645,0.0223624886679273,0.269507487832968,53834.0,0.184400193186462,0.083924657279786,0.100475535906676,-0.0038299191924902,,37,48,48,52
2022-04-20,41374.37890625,-0.003093074404708,1.0185939601158922,0.020471967985523,0.2352954960959817,10502.0,0.1349266806322605,0.0702723290801752,0.0646543515520853,-0.0358211843545907,,37,48,48,52
2022-04-21,40527.36328125,-0.0204719840488541,0.9956688119086348,0.0182261648419912,0.2239625999257935,29647.0,0.161061827503626,0.0889128748271325,0.0721489526764934,0.007494601124408,,37,48,48,52
2022-04-22,39740.3203125,-0.0194200388337162,0.979127199999791,0.0187717892302915,0.2481853707313368,39503.0,0.1731514062223122,0.0912335771966686,0.0819178290256436,0.0097688763491502,,37,48,48,52
2022-04-23,39486.73046875,-0.0063811726165236,0.9761009814970952,0.0188194228738667,,,,,,,,37,48,48,52
2022-04-24,39469.29296875,-0.0004416040475622,0.976523983897406,0.0177319841339011,,,,,,,,37,48,48,52
2022-04-25,40458.30859375,0.0250578500553089,1.0022969195567062,0.0170006922491659,,,,,,,,37,48,48,52
2022-04-26,38117.4609375,-0.0578582678716236,0.9557564984532276,0.0257991402957101,,,,,,,,37,48,48,52
2022-04-27,39241.12109375,0.029478882606909,0.9915075623576322,0.0301716592302828,0.2034536501714845,2041.0,0.1803037726604605,0.1077902988731014,0.0725134737873591,-0.0094043552382844,,37,48,48,52
2022-04-28,39773.828125,0.013575224570606,1.0077084115185453,0.0304574817706027,0.2332948397719058,24902.0,0.2031563729820898,0.1009557465263834,0.1022006264557063,0.0296871526683472,,37,48,48,52
2022-04-29,38609.82421875,-0.0292655738992938,0.9822363066277564,0.0316093962957769,0.2208786518839171,22639.0,0.1889217721630814,0.1007995052785017,0.0881222668845796,-0.0140783595711266,,37,48,48,52
2022-04-30,37714.875,-0.0231793134741956,0.9656872328180616,0.0324597805074897,0.2363767303167915,36554.0,0.17828418230563,0.094408272692455,0.083875909613175,-0.0042463572714046,,37,48,48,52
2022-05-01,38469.09375,0.0199979119644437,0.9886158891737876,0.0339624246871008,0.2281655414720925,44970.0,0.1819435179008227,0.0975983989326217,0.084345118968201,0.0004692093550259,24.0,54,55,54,65
2022-05-02,38529.328125,0.0015657861708791,0.9972260342706524,0.0317904447644874,0.2344933478224985,36349.0,0.1680651462213541,0.0971966216402101,0.0708685245811439,-0.0134765943870571,33.0,54,55,54,65
2022-05-03,37750.453125,-0.0202151202188917,0.9783946704279334,0.0232963453083514,,,,,,,22.0,54,55,54,65
2022-05-04,39698.37109375,0.0515998566242374,1.0271407833338275,0.0286874581425816,,,,,,,53.0,54,55,54,65
2022-05-05,36575.140625,-0.0786740206890179,0.9576539182284312,0.0418038968440036,,,,,,,27.0,54,55,54,65
2022-05-06,36040.921875,-0.0146060614086839,0.952821904360836,0.0411230030846245,,,,,,,10.0,54,55,54,65
2022-05-07,35501.953125,-0.0149543552706363,0.9464834390057222,0.0407809802793643,,,,,,,19.0,54,55,54,65
2022-05-08,34059.265625,-0.0406368487649226,0.9235322148988154,0.0402329798950025,,,,,,,31.0,54,55,54,65
2022-05-09,30296.953125,-0.1104636999935314,0.848575849976828,0.053658053076232,,,,,,,23.0,54,55,54,65
2022-05-10,31022.90625,0.0239612584805093,0.8929455244270336,0.0579793774334004,0.1889589413765062,13527.0,0.1898425371479263,0.1073408738079396,0.0825016633399867,0.0116331387588427,25.0,54,55,54,65
2022-05-11,28936.35546875,-0.0672583917327216,0.8714513686080402,0.047793305485485,0.1241382510700547,18457.0,0.1829116324429755,0.1283523866283794,0.054559245814596,-0.0279424175253906,38.0,54,55,54,65
2022-05-12,29047.751953125,0.0038497067986085,0.9040851135734792,0.0477921458553186,0.1304159560429559,43952.0,0.1743265380414998,0.1286858390971969,0.0456406989443028,-0.0089185468702932,26.0,54,55,54,65
2022-05-13,29283.103515625,0.0081022298345081,0.9396439710359004,0.0499649545467181,0.1691439104563558,41678.0,0.1591487115504583,0.1114496856854935,0.0476990258649647,0.0020583269206618,,54,55,54,65
2022-05-14,30101.265625,0.0279397335374114,0.9904170849752162,0.0544373039056537,,,,,,,,54,55,54,65
2022-05-15,31305.11328125,0.0399932571356789,1.0435363283188726,0.058411988638928,,,,,,,,54,55,54,65
2022-05-16,29862.91796875,-0.0460690015571287,0.9975234313210324,0.0407845986842582,,,,,,,,54,55,54,65
2022-05-17,30425.857421875,0.01885078523519,1.019231389892829,0.0402992632906613,,,,,,,,54,55,54,65
2022-05-18,28720.271484375,-0.0560571198980821,0.9630921288118756,0.0371265201704539,,,,,,,,54,55,54,65
2022-05-19,30314.333984375,0.0555030442824064,1.0104159077458297,0.0426638026276825,,,,,,,,54,55,54,65
2022-05-20,29200.740234375,-0.036734890846488,0.9736802496093946,0.0456726045340436,,,,,,,,54,55,54,65
2022-05-21,29432.2265625,0.0079274130130611,0.9845366892427152,0.0442490430516028,,,,,,,,54,55,54,65
2022-05-22,30323.72265625,0.0302897944828226,1.0191376365259983,0.0428714933022924,0.2294708813610509,19867.0,0.1488901192933004,0.0819952685357628,0.0668948507575376,0.0191958248925728,,54,55,54,65
2022-05-23,29098.91015625,-0.0403912314422766,0.9815739978863082,0.0419368705281156,0.2221216261176959,4809.0,0.1773757537949677,0.122478685797463,0.0548970679975046,-0.0119977827600329,,54,55,54,65
2022-05-24,29655.5859375,0.0191304684010797,1.0040789732295508,0.0419614014811713,0.1855167311204211,18618.0,0.1674186271350306,0.1042539477924589,0.0631646793425717,0.008267611345067,,54,55,54,65
2022-05-25,29562.361328125,-0.0031435767133879,0.9968622852172124,0.0346915045026249,0.167695539411551,13765.0,0.1575735561205957,0.1291681801670904,0.0284053759535052,-0.0347593033890664,,54,55,54,65
2022-05-26,29267.224609375,-0.0099835299174566,0.991913464800453,0.0269152034893903,0.1350931614615421,21101.0,0.1740675797355575,0.1813184209279181,-0.0072508411923605,-0.0356562171458658,,54,55,54,65
2022-05-27,28627.57421875,-0.021855519242508,0.9729346470537776,0.0243396869884272,0.1778422049574547,13515.0,0.1536810950795412,0.1044025157232704,0.0492785793562708,0.0565294205486313,,54,55,54,65
2022-05-28,28814.900390625,0.0065435572865377,0.9822450859332456,0.0242441097125994,0.1711213124999999,4800.0,0.1639583333333333,0.1102083333333333,0.05375,0.0044714206437291,,54,55,54,65
2022-05-29,29445.95703125,0.0219003582198853,1.008065561073512,0.0225332674695179,0.1979343735083532,16760.0,0.1628281622911694,0.1109188544152744,0.0519093078758949,-0.001840692124105,,54,55,54,65
2022-05-30,31726.390625,0.0774447096873045,1.0723550973362177,0.0315337298500325,0.2038341168788769,18378.0,0.2259767112852323,0.1506148656001741,0.0753618456850582,0.0234525378091632,,54,55,54,65
2022-05-31,31792.310546875,0.0020777630413166,1.0636095574315871,0.0315900218093148,0.1980684805467928,19020.0,0.2292849631966351,0.1486855941114616,0.0805993690851735,0.0052375234001152,,54,55,54,65
2022-06-01,29799.080078125,-0.0626953635789118,0.9957995774374734,0.0425289049832308,0.171942964189248,22954.0,0.1736080857366907,0.1163631611048183,0.0572449246318724,-0.023354444453301,15.0,61,52,38,47
2022-06-02,30467.48828125,0.0224304979003586,1.012335269102976,0.0428601565375381,0.1785707076247943,10938.0,0.1537758273907478,0.0970927043335161,0.0566831230572316,-0.0005618015746407,37.0,61,52,38,47
2022-06-03,29704.390625,-0.0250462935836958,0.9819609262503188,0.0432300725869775,0.1955198373874025,29641.0,0.167943051853851,0.1278971694612192,0.0400458823926318,-0.0166372406645998,22.0,61,52,38,47
2022-06-04,29832.9140625,0.0043267488339528,0.9814909996823132,0.043227502087938,0.17921623784123,6374.0,0.1653592720426733,0.1104486978349545,0.0549105742077188,0.014864691815087,48.0,61,52,38,47
2022-06-05,29906.662109375,0.0024720363126611,0.9817914202134772,0.0425954734188795,,,,,,,22.0,61,52,38,47
2022-06-06,31370.671875,0.0489526300284133,1.0315736105803217,0.0356431522673083,,,,,,,13.0,61,52,38,47
2022-06-07,31155.478515625,-0.0068596987731873,1.027571407117586,0.0356495681270381,,,,,,,18.0,61,52,38,47
2022-06-08,30214.35546875,-0.030207305158321,0.994585177342482,0.0270959483943331,,,,,,,31.0,61,52,38,47
2022-06-09,30111.998046875,-0.0033877082693644,0.9928756028303688,0.0256003687161555,,,,,,,22.0,61,52,38,47
2022-06-10,29083.8046875,-0.0341456371568045,0.9617847259167868,0.0272393488684476,,,,,,,26.0,61,52,38,47
2022-06-11,28360.810546875,-0.0248589944951643,0.9444438755933416,0.0281803748518274,,,,,,,40.0,61,52,38,47
2022-06-12,26762.6484375,-0.0563510731378267,0.9047558647133898,0.0334817403535289,,,,,,,25.0,61,52,38,47
2022-06-13,22487.388671875,-0.159747260276172,0.7943007022228845,0.0586874393580901,,,,,,,,61,52,38,47
2022-06-14,22206.79296875,-0.0124779140530416,0.8214836918461569,0.0580680021166619,0.1438748544266191,16830.0,0.1974450386215092,0.1443850267379679,0.0530600118835413,-0.0018505623241775,,61,52,38,47
2022-06-15,22572.83984375,0.0164835541770984,0.8701641782573296,0.0629694367131879,0.1238381353817637,56108.0,0.1885470877593213,0.1282704783631567,0.0602766093961645,0.0072165975126232,,61,52,38,47
2022-06-16,20381.650390625,-0.0970719443496029,0.8301811181578902,0.0640185878508413,,,,,,,,61,52,38,47
2022-06-17,20471.482421875,0.0044074954445947,0.8778314451189886,0.0677597393895983,0.1494720782563926,17481.0,0.1796807962931182,0.1343172587380584,0.0453635375550597,-0.0149130718411047,,61,52,38,47
2022-06-18,19017.642578125,-0.0710178097408561,0.8649974844228897,0.0672559077183731,0.1036442416452442,31120.0,0.2008676092544987,0.1348329048843187,0.0660347043701799,0.0206711668151201,,61,52,38,47
2022-06-19,20553.271484375,0.0807475952890373,0.9741476041092796,0.0843273038153264,0.1215539682539682,14175.0,0.2042328042328042,0.1442680776014109,0.0599647266313932,-0.0060699777387866,,61,52,38,47
2022-06-20,20599.537109375,0.002251010260589,0.9889820192822768,0.0594902239350275,,,,,,,,61,52,38,47
2022-06-21,20710.59765625,0.0053914098304885,1.0046232130807804,0.0598736329581809,,,,,,,,61,52,38,47
2022-06-22,19987.029296875,-0.0349371066631987,0.9872142931365856,0.0592831472889754,,,,,,,,61,52,38,47
2022-06-23,21085.876953125,0.0549780380029665,1.0363397245795716,0.0507840866112599,0.1729672903647725,27524.0,0.1838395582037494,0.1114663566342101,0.0723732015695393,0.012408474938146,,61,52,38,47
2022-06-24,21231.65625,0.0069135989553137,1.0379645857670563,0.0507891011316569,0.1561009447943682,5398.0,0.1941459799925898,0.1608002964060763,0.0333456835865135,-0.0390275179830257,,61,52,38,47
2022-06-25,21502.337890625,0.0127489649153018,1.0332673055031416,0.0370739912023415,0.1761810958118187,24402.0,0.1773215310220473,0.1201131054831571,0.0572084255388902,0.0238627419523767,,61,52,38,47
2022-06-26,21027.294921875,-0.0220926194707933,1.0071623331157662,0.0282718484618113,0.1889009623095429,31175.0,0.1688853247794707,0.1111146752205292,0.0577706495589414,0.0005622240200512,,61,52,38,47
2022-06-27,20735.478515625,-0.0138779813254257,0.9922619649012552,0.029023337550642,,,,,,,,61,52,38,47
2022-06-28,20280.634765625,-0.0219355318787197,0.9733571682374794,0.0301674725024777,0.1537853153053308,9023.0,0.1792086889061288,0.1272304111714507,0.051978277734678,-0.0057923718242634,,61,52,38,47
2022-06-29,20104.0234375,-0.0087083727982888,0.9641074502732372,0.0268648213062697,0.1553300830782684,36592.0,0.1547059466550065,0.109750765194578,0.0449551814604285,-0.0070230962742495,,61,52,38,47
2022-06-30,19784.7265625,-0.0158822375029873,0.9573288823526472,0.0138296614675992,,,,,,,,61,52,38,47
2022-07-01,19269.3671875,-0.0260483445839889,0.945213165299238,0.013119714757452,,,,,,,18.0,46,44,31,40
2022-07-02,19242.255859375,-0.0014069651515379,0.9590726610803566,0.0087171103893284,0.1543616976956125,7681.0,0.1643015232391615,0.111964587944278,0.0523369352948834,0.0073817538344549,45.0,46,44,31,40
2022-07-03,19297.076171875,0.0028489545560892,0.9738019179135784,0.010594265146613,0.1818750127634745,13711.0,0.1643206184815112,0.0880315075486835,0.0762891109328276,0.0239521756379441,23.0,46,44,31,40
2022-07-04,20231.26171875,0.0484107301310523,1.0246689998478729,0.0247650414137372,,,,,,,34.0,46,44,31,40
2022-07-05,20190.115234375,-0.0020338071321012,1.0232551966866053,0.0233657977889767,,,,,,,23.0,46,44,31,40
2022-07-06,20548.24609375,0.0177379304287108,1.0380669584909883,0.0239549036046927,,,,,,,15.0,46,44,31,40
2022-07-07,21637.587890625,0.0530138578205141,1.078674881399352,0.0282207304244162,,,,,,,18.0,46,44,31,40
2022-07-08,21731.1171875,0.0043225380457274,1.0646718328543807,0.0230229207294454,,,,,,,30.0,46,44,31,40
2022-07-09,21592.20703125,-0.0063922234209801,1.04074871050006,0.0237620544305057,,,,,,,24.0,46,44,31,40
2022-07-10,20860.44921875,-0.0338899034934659,0.9947691621047486,0.0305453578906583,,,,,,,23.0,46,44,31,40
2022-07-11,19970.556640625,-0.04265931997884,0.9540273665973716,0.031902639716448,0.1523263326071169,6885.0,0.195352214960058,0.1076252723311546,0.0877269426289034,0.0114378316960757,33.0,46,44,31,40
2022-07-12,19323.9140625,-0.0323797974068269,0.9286256445561122,0.0339983081149555,0.1588358117099135,18036.0,0.1850188511865158,0.1241960523397649,0.0608227988467509,-0.0269041437821524,29.0,46,44,31,40
2022-07-13,20212.07421875,0.0459617111407861,0.9735536909742688,0.0384735709318975,0.1325341592702169,32448.0,0.1702416173570019,0.1066629684418146,0.0635786489151873,0.0027558500684364,,46,44,31,40
2022-07-14,20569.919921875,0.0177045512129101,0.9981228449962972,0.0321298808091035,0.1791991059813446,36129.0,0.1647706828309668,0.1104099200088571,0.0543607628221096,-0.0092178860930776,,46,44,31,40
2022-07-15,20836.328125,0.012951348577769,1.0173601636224952,0.0327978466641062,0.1720782229274097,32773.0,0.1597656607573307,0.100418027034449,0.0593476337228816,0.0049868709007719,,46,44,31,40
2022-07-16,21190.31640625,0.0169889953319211,1.037552620421654,0.0339092066183695,0.1638437169222418,29476.0,0.1685439001221332,0.1122608223639571,0.0562830777581761,-0.0030645559647054,,46,44,31,40
2022-07-17,20779.34375,-0.0193943614796041,1.0180074814557465,0.0319951490212176,0.1678896061682667,13229.0,0.1934386574948975,0.1158061833849875,0.07763247410991,0.0213493963517339,,46,44,31,40
2022-07-18,22485.689453125,0.0821174009946776,1.0825477270271475,0.0375542056430943,,,,,,,,46,44,31,40
2022-07-19,23389.43359375,0.0401919693193753,1.095427762207725,0.03091116491994,,,,,,,,46,44,31,40
2022-07-20,23231.732421875,-0.0067424108943424,1.0664951436941996,0.0321407475898376,,,,,,,,46,44,31,40
2022-07-21,23164.62890625,-0.0028884421706671,1.045621904757131,0.0332968737820642,,,,,,,,46,44,31,40
2022-07-22,22714.978515625,-0.0194110767949181,1.0130528616706986,0.0361068312150345,,,,,,,,46,44,31,40
2022-07-23,22465.478515625,-0.0109839417117817,0.9938511809095512,0.0370522195092652,,,,,,,,46,44,31,40
2022-07-24,22609.1640625,0.0063958373633157,0.9887733061321332,0.035034677981192,,,,,,,,46,44,31,40
2022-07-25,21361.701171875,-0.0551751001132353,0.9408243388907102,0.0288655828161016,,,,,,,,46,44,31,40
2022-07-26,21239.75390625,-0.0057086869928485,0.9482792736104892,0.0205229585543504,,,,,,,,46,44,31,40
2022-07-27,22930.548828125,0.0796052030234431,1.025737646534998,0.0401076674120765,,,,,,,,46,44,31,40
2022-07-28,23843.88671875,0.0398306162434614,1.0619836706282797,0.0429610198648718,,,,,,,,46,44,31,40
2022-07-29,23804.6328125,-0.0016462880701044,1.05293516719099,0.0418291457609486,,,,,,,,46,44,31,40
2022-07-30,23656.20703125,-0.0062351636515082,1.0385557414668656,0.041528698091886,,,,,,,,46,44,31,40
2022-07-31,23336.896484375,-0.0134979604487392,1.019882476897598,0.0422876990477082,,,,,,,,46,44,31,40
2022-08-01,23314.19921875,-0.0009725914343493,1.0066199665923674,0.0330650699402528,,,,,,,10.0,35,39,29,42
2022-08-02,22978.1171875,-0.014415336683737,0.9815843688867438,0.0340259476386409,,,,,,,48.0,35,39,29,42
2022-08-03,22846.5078125,-0.0057275961266136,0.976463047680698,0.0182340691170531,,,,,,,21.0,35,39,29,42
2022-08-04,22630.95703125,-0.0094347365041087,0.974467111135038,0.0053504220151874,,,,,,,37.0,35,39,29,42
2022-08-05,23289.314453125,0.0290910110856517,1.0060042502219395,0.014789229677356,,,,,,,18.0,35,39,29,42
2022-08-06,22961.279296875,-0.0140852216543447,0.9961060545925826,0.0153615075657537,,,,,,,17.0,35,39,29,42
2022-08-07,23175.890625,0.0093466624986442,1.0064205504140382,0.0154804993152688,,,,,,,20.0,35,39,29,42
2022-08-08,23809.486328125,0.0273385697825798,1.0307675415219286,0.0187443793016193,,,,,,,30.0,35,39,29,42
2022-08-09,23164.318359375,-0.0270970973442586,1.001683212194387,0.0212357882793815,,,,,,,20.0,35,39,29,42
2022-08-10,23947.642578125,0.0338159839887097,1.0285595846979367,0.0240539112241219,,,,,,,24.0,35,39,29,42
2022-08-11,23957.529296875,0.0004128472653517,1.020676392137187,0.0232193580148827,,,,,,,31.0,35,39,29,42
2022-08-12,24402.818359375,0.0185866020231928,1.032648999327111,0.0219985567613632,,,,,,,25.0,35,39,29,42
2022-08-13,24424.068359375,0.0008708010561344,1.0244887443577015,0.0202890181578825,,,,,,,,35,39,29,42
2022-08-14,24319.333984375,-0.0042881625394648,1.013153626128503,0.0208780156818467,,,,,,,,35,39,29,42
2022-08-15,24136.97265625,-0.0074986152269698,1.0036003287091202,0.0193615094761205,,,,,,,,35,39,29,42
2022-08-16,23883.291015625,-0.010510085263709,0.9888294751319384,0.015808107786696,,,,,,,,35,39,29,42
2022-08-17,23335.998046875,-0.0229153079611996,0.9696781132892652,0.0127056813744819,,,,,,,,35,39,29,42
2022-08-18,23212.73828125,-0.005281958173694,0.9688397229991086,0.0125805877391864,,,,,,,,35,39,29,42
2022-08-19,20877.552734375,-0.1005993139879252,0.8900841045427363,0.0376761788286963,,,,,,,,35,39,29,42
2022-08-20,21166.060546875,0.0138190436480118,0.920652650673372,0.0392724997759733,,,,,,,,35,39,29,42
2022-08-21,21534.12109375,0.0173891852033534,0.953158142986473,0.0415279892043652,,,,,,,,35,39,29,42
2022-08-22,21398.908203125,-0.006279006699941,0.9638610091520418,0.0415790956638426,,,,,,,,35,39,29,42
2022-08-23,21528.087890625,0.0060367419811229,0.9846011226545563,0.0424828364269044,,,,,,,,35,39,29,42
2022-08-24,21395.01953125,-0.006181150878381,0.9910837841542764,0.0424113182241342,,,,,,,,35,39,29,42
2022-08-25,21600.904296875,0.0096230230275919,1.0114091526172382,0.0431922180880117,,,,,,,,35,39,29,42
2022-08-26,20260.01953125,-0.0620753995849602,0.9525602074760878,0.0278980954076361,,,,,,,,35,39,29,42
2022-08-27,20041.73828125,-0.0107739901071325,0.94946743666981,0.0267768311507682,,,,,,,,35,39,29,42
2022-08-28,19616.814453125,-0.021201944769558,0.9415544171430552,0.0246554873890088,,,,,,,,35,39,29,42
2022-08-29,20297.994140625,0.0347242764174429,0.9816594684433798,0.0305957941508198,,,,,,,,35,39,29,42
2022-08-30,19796.80859375,-0.0246913829712814,0.9690115348568966,0.0305501792193413,0.1465651256862178,13844.0,0.1634643166714822,0.1011990754117307,0.0622652412597515,-0.0153672328501585,,35,39,29,42
2022-08-31,20049.763671875,0.0127775685119702,0.9907125531782598,0.0319485999991779,0.1531514683940463,27479.0,0.1556097383456457,0.0857382000800611,0.0698715382655846,0.0076062970058331,,35,39,29,42
2022-09-01,20127.140625,0.0038592451457939,1.0049911098089994,0.0314549536556248,0.1508114265284233,27970.0,0.1530925992134429,0.0879871290668573,0.0651054701465856,-0.0047660681189989,23.0,34,39,29,39
2022-09-02,19969.771484375,-0.0078187529742566,0.9992020669446776,0.0207153637560068,0.1508936081242533,28458.0,0.1330733010049898,0.0988474242743692,0.0342258767306205,-0.030879593415965,54.0,34,39,29,39
2022-09-03,19832.087890625,-0.0068946003642419,0.9938022530995062,0.0204907668813599,0.1482103849725019,14001.0,0.1366330976358831,0.0914220412827655,0.0452110563531176,0.010985179622497,22.0,34,39,29,39
2022-09-04,19986.712890625,0.0077967080850369,0.9989055493586796,0.0186469404480774,0.1362494833710042,6194.0,0.1532127865676461,0.0918630933161123,0.0613496932515337,0.0161386368984161,30.0,34,39,29,39
2022-09-05,19812.37109375,-0.0087228849400632,0.9936373936529038,0.0126747283909545,,,,,,,11.0,34,39,29,39
2022-09-06,18837.66796875,-0.0491966923286369,0.951290879572126,0.0208776961937986,,,,,,,11.0,34,39,29,39
2022-09-07,19290.32421875,0.024029314602578,0.9795162700184188,0.022939153830045,,,,,,,24.0,34,39,29,39
2022-09-08,19329.833984375,0.0020481649337233,0.9872322533858294,0.0228261212374665,,,,,,,42.0,34,39,29,39
2022-09-09,21381.15234375,0.1061218819071676,1.0808688080718885,0.046196152097692,,,,,,,22.0,34,39,29,39
2022-09-10,21680.5390625,0.0140023659125891,1.081565606751733,0.045610213322317,,,,,,,22.0,34,39,29,39
2022-09-11,21769.255859375,0.004092001431295,1.0723684986373454,0.0456981737204542,0.168272665737607,10046.0,0.1414493330678877,0.091180569380848,0.0502687636870396,-0.0110809295644941,29.0,34,39,29,39
2022-09-12,22370.44921875,0.0276166242548017,1.082496792502185,0.0449654302121369,0.1827615537213504,28229.0,0.1555138332920047,0.0827517800843104,0.0727620532076942,0.0224932895206546,26.0,34,39,29,39
2022-09-13,20296.70703125,-0.0927000690608337,0.9723421805566044,0.0582548209586828,0.1393959433268729,29926.0,0.1582570340172425,0.0880505246274142,0.0702065093898282,-0.0025555438178659,,34,39,29,39
2022-09-14,20241.08984375,-0.0027402074343571,0.9634090295237906,0.0581231465711864,0.1547893618860964,34696.0,0.1422930597186995,0.0962070555683652,0.0460860041503343,-0.0241205052394938,,34,39,29,39
2022-09-15,19701.2109375,-0.0266724228002328,0.9353506402818712,0.0595474803954457,,,,,,,,34,39,29,39
2022-09-16,19772.583984375,0.0036227746152976,0.9490937764093113,0.0414197259402955,,,,,,,,34,39,29,39
2022-09-17,20127.576171875,0.0179537579802684,0.9765326705688228,0.0418361917095504,,,,,,,,34,39,29,39
2022-09-18,19419.505859375,-0.0351791147852871,0.957777643498362,0.0422154632053173,,,,,,,,34,39,29,39
2022-09-19,19544.12890625,0.006417415961943,0.9835093158043312,0.0392625948693226,,,,,,,,34,39,29,39
2022-09-20,18890.7890625,-0.0334289569457899,0.9603378003981656,0.0216467489724846,,,,,,,,34,39,29,39
2022-09-21,18547.400390625,-0.0181775716588069,0.9546231795220343,0.0215474437718586,,,,,,,,34,39,29,39
2022-09-22,19413.55078125,0.0466992878992791,1.0013212954013964,0.0294335950588241,,,,,,,,34,39,29,39
2022-09-23,19297.638671875,-0.005970680514919,0.9988382249677664,0.0293463849603994,,,,,,,,34,39,29,39
2022-09-24,18937.01171875,-0.0186876207631864,0.9888777092355608,0.0281657073913634,,,,,,,,34,39,29,39
2022-09-25,18802.09765625,-0.0071243586107314,0.9863756431368244,0.0255289661925374,,,,,,,,34,39,29,39
2022-09-26,19222.671875,0.0223684732650133,1.0108746927534162,0.0272906185629677,,,,,,,,34,39,29,39
2022-09-27,19110.546875,-0.0058329560390522,1.0033218863486248,0.0236890968049017,,,,,,,,34,39,29,39
2022-09-28,19426.720703125,0.0165444678372135,1.013238979852651,0.0224067415330944,,,,,,,,34,39,29,39
2022-09-29,19573.05078125,0.0075324127196341,1.0196593163110197,0.0146199746935042,,,,,,,,34,39,29,39
2022-09-30,19431.7890625,-0.0072171538473359,1.0112906383645883,0.0147296362263292,,,,,,,,34,39,29,39
2022-10-01,19312.095703125,-0.0061596674907298,1.0022664560650538,0.0124898881405386,,,,,,,23.0,26,34,26,37
2022-10-02,19044.107421875,-0.0138767063590429,0.9865880899008574,0.0136120104116084,,,,,,,50.0,26,34,26,37
2022-10-03,19623.580078125,0.0304279241559197,1.0136005328244364,0.0157230719322594,,,,,,,28.0,26,34,26,37
2022-10-04,20336.84375,0.0363472755244134,1.0410222530371744,0.0192873298366668,,,,,,,34.0,26,34,26,37
2022-10-05,20160.716796875,-0.00866048612509,1.0264967713572204,0.0199770760110153,,,,,,,10.0,26,34,26,37
2022-10-06,19955.443359375,-0.0101818521418751,1.0132269462858727,0.0207602660174221,,,,,,,13.0,26,34,26,37
2022-10-07,19546.849609375,-0.020475303035953,0.9916531925977417,0.0223977403041892,,,,,,,24.0,26,34,26,37
2022-10-08,19416.568359375,-0.0066650766033169,0.9842984767096776,0.0224251283844532,,,,,,,31.0,26,34,26,37
2022-10-09,19446.42578125,0.0015377290838616,0.9829481682482676,0.0214714279505969,0.1856879894736842,9500.0,0.1734736842105263,0.0693684210526315,0.1041052631578947,0.0580192590075603,28.0,26,34,26,37
2022-10-10,19141.484375,-0.0156811030304613,0.9709143811127532,0.0186705563800254,0.1695615323224261,25060.0,0.1814046288906624,0.0775339185953711,0.1038707102952913,-0.0002345528626034,22.0,26,34,26,37
2022-10-11,19051.41796875,-0.0047052989457616,0.9754314852211596,0.0072858011818785,0.1633379629990262,25675.0,0.1529892891918208,0.0760662122687439,0.0769230769230769,-0.0269476333722143,22.0,26,34,26,37
2022-10-12,19157.4453125,0.0055653255796452,0.9881110412892996,0.0092235007702825,0.1554943506115317,27472.0,0.1341001747233547,0.0675960978450786,0.066504076878276,-0.0104190000448008,27.0,26,34,26,37
2022-10-13,19382.904296875,0.0117687395525483,1.0039753001972085,0.0115018387986264,0.1437010708539088,18023.0,0.1439272041280586,0.0883870609776396,0.0555401431504189,-0.0109639337278571,,26,34,26,37
2022-10-14,19185.65625,-0.0101763927558988,0.996421562647781,0.0095022379308627,0.1645044042651831,12942.0,0.1465770360067995,0.0870808221295008,0.0594962138772987,0.0039560707268797,,26,34,26,37
2022-10-15,19067.634765625,-0.0061515479500473,0.9928624250468692,0.0094677143419318,0.1541346585536323,24323.0,0.1219421946305965,0.0902026888130576,0.0317395058175389,-0.0277567080597597,,26,34,26,37
2022-10-16,19268.09375,0.0105130493026006,1.0046331325788995,0.010643404936426,,,,,,,,26,34,26,37
2022-10-17,19550.7578125,0.0146700585002084,1.016273064763286,0.0099176894880777,,,,,,,,26,34,26,37
2022-10-18,19334.416015625,-0.011065647631146,1.0029196956899296,0.0109895132527025,,,,,,,,26,34,26,37
2022-10-19,19139.53515625,-0.0100794799914053,0.992942570041214,0.0117429387602691,,,,,,,,26,34,26,37
2022-10-20,19053.740234375,-0.0044826021726542,0.9909089609732205,0.0105584740329352,,,,,,,,26,34,26,37
2022-10-21,19172.46875,0.0062312445831922,0.9971812565043812,0.0103657748595976,,,,,,,,26,34,26,37
2022-10-22,19208.189453125,0.0018631248583989,0.99799687815339,0.0100203691464809,,,,,,,,26,34,26,37
2022-10-23,19567.0078125,0.0186804883537121,1.014389360530387,0.0116151890348696,,,,,,,,26,34,26,37
2022-10-24,19345.572265625,-0.0113167812369114,1.0044360780871433,0.0111420196209001,,,,,,,,26,34,26,37
2022-10-25,20095.857421875,0.0387833012096094,1.037531655615142,0.0176617054253755,,,,,,,,26,34,26,37
2022-10-26,20770.44140625,0.0335683106330508,1.0596138555856205,0.0187837134087855,,,,,,,,26,34,26,37
2022-10-27,20285.8359375,-0.0233314959115013,1.025681454261539,0.0225408338038308,,,,,,,,26,34,26,37
2022-10-28,20595.3515625,0.0152577210006827,1.030737532628186,0.0226125597338055,,,,,,,,26,34,26,37
2022-10-29,20818.4765625,0.0108337553414852,1.0300454958013594,0.0223119185920027,,,,,,,,26,34,26,37
2022-10-30,20635.603515625,-0.0087841704615604,1.0133435574731413,0.0232528103612632,,,,,,,,26,34,26,37
2022-10-31,20495.7734375,-0.0067761564627427,0.9984208073615228,0.0226871575673387,,,,,,,,26,34,26,37
2022-11-01,20485.2734375,-0.0005123007449325,0.9952123164078436,0.0185499019446867,,,,,,,21.0,39,41,35,47
2022-11-02,20159.50390625,-0.0159026205944438,0.9835561766254192,0.0138847792788181,,,,,,,50.0,39,41,35,47
2022-11-03,20209.98828125,0.002504246891926,0.9865407731611696,0.011037577326644,,,,,,,22.0,39,41,35,47
2022-11-04,21147.23046875,0.0463751969796804,1.0283342220537148,0.0202434094982306,,,,,,,32.0,39,41,35,47
2022-11-05,21282.69140625,0.006405611254872,1.031594652630255,0.0200576239840345,,,,,,,12.0,39,41,35,47
2022-11-06,20926.486328125,-0.0167368436315528,1.012290059771529,0.0210648801470146,,,,,,,12.0,39,41,35,47
2022-11-07,20602.81640625,-0.0154669979852274,0.995896284677584,0.0219212287246488,0.1631357651827155,15297.0,0.1582009544355102,0.10224226972609,0.0559586847094201,0.0242191788918812,22.0,39,41,35,47
2022-11-08,18541.271484375,-0.1000613159494843,0.9084406175993104,0.0457927200768414,0.0706060711118277,12403.0,0.1778601951140853,0.128275417237765,0.0495847778763202,-0.0063739068330999,41.0,39,41,35,47
2022-11-09,15880.7802734375,-0.1434902246687631,0.8021101632635675,0.0702439821362134,0.0969073883856357,24728.0,0.2078615334843092,0.1202685215140731,0.0875930119702361,0.0380082340939159,26.0,39,41,35,47
2022-11-10,17586.771484375,0.1074248986235879,0.905414193524514,0.0869673284881667,0.1495491909632117,13102.0,0.1678369714547397,0.099221492901847,0.0686154785528927,-0.0189775334173434,24.0,39,41,35,47
2022-11-11,17034.29296875,-0.0314144364766353,0.9043263508204026,0.0820798071481113,0.0942153018197958,18024.0,0.126664447403462,0.1100754549489569,0.0165889924545051,-0.0520264860983875,25.0,39,41,35,47
2022-11-12,16799.185546875,-0.0138020064763657,0.9232379484968944,0.0808937442150858,,,,,,,26.0,39,41,35,47
2022-11-13,16353.365234375,-0.0265382099183333,0.9322065995652318,0.080632779751726,0.1067649755790137,6347.0,0.1266740192216795,0.1159602962029305,0.010713723018749,-0.0058752694357561,,39,41,35,47
2022-11-14,16618.19921875,0.0161944639882631,0.979072546336695,0.0827766337238396,0.1304906849315068,13140.0,0.1101978691019787,0.0837138508371385,0.0264840182648401,0.0157702952460911,,39,41,35,47
2022-11-15,16884.61328125,0.0160314639987833,1.0088350087761435,0.077025252884518,0.113080258527119,30403.0,0.120415748445877,0.0829523402295826,0.0374634082162944,0.0109793899514542,,39,41,35,47
2022-11-16,16669.439453125,-0.0127437818409466,0.9893189049716996,0.04598359730216,0.1144209557681994,35427.0,0.1139808620543653,0.0882095576819939,0.0257713043723713,-0.011692103843923,,39,41,35,47
2022-11-17,16687.517578125,0.0010845070736082,0.9980008799245412,0.0192290337111153,,,,,,,,39,41,35,47
2022-11-18,16697.77734375,0.0006148167681003,1.0014938189025726,0.0160041166217619,,,,,,,,39,41,35,47
2022-11-19,16711.546875,0.0008246325823211,1.0030728998834866,0.0152603929475071,,,,,,,,39,41,35,47
2022-11-20,16291.83203125,-0.0251152599390952,0.9783966921537176,0.0148476402839015,0.095359665038381,5732.0,0.1475924633635729,0.1362526168876482,0.0113398464759246,-0.0144314578964467,,39,41,35,47
2022-11-21,15787.2841796875,-0.0309693747513911,0.9549034736028716,0.0167355888033842,0.1078049850027459,23671.0,0.1414388914705758,0.111866841282582,0.0295720501879937,0.0182322037120691,,39,41,35,47
2022-11-22,16189.76953125,0.0254942741881059,0.9851629695677896,0.0190826361947132,,,,,,,,39,41,35,47
2022-11-23,16610.70703125,0.0260002157033485,1.011293746003607,0.022097235696865,,,,,,,,39,41,35,47
2022-11-24,16604.46484375,-0.0003757930043709,1.0116444659294903,0.0220866354778465,,,,,,,,39,41,35,47
2022-11-25,16521.841796875,-0.0049759536156385,1.0081543507053443,0.0221319936169615,,,,,,,,39,41,35,47
2022-11-26,16464.28125,-0.0034839061881034,1.0068121503907288,0.0221161167054218,,,,,,,,39,41,35,47
2022-11-27,16444.626953125,-0.0011937537130568,1.0042697642722649,0.0196149015801371,,,,,,,,39,41,35,47
2022-11-28,16217.322265625,-0.0138224289397337,0.9866865042156262,0.0153936933361972,,,,,,,,39,41,35,47
2022-11-29,16444.982421875,0.0140380854817543,0.9983231932782332,0.0132325272875048,,,,,,,,39,41,35,47
2022-11-30,17168.56640625,0.0440002893169708,1.0372315925867814,0.0188191680849409,,,,,,,,39,41,35,47
2022-12-01,16967.1328125,-0.0117326973600236,1.0218635724452465,0.0198044709274513,,,,,,,22.0,28,30,26,35
2022-12-02,17088.66015625,0.0071625150279055,1.0241879788190948,0.019508538116887,,,,,,,44.0,28,30,26,35
2022-12-03,16908.236328125,-0.0105581026525951,1.0095371158384716,0.02018824222639,,,,,,,22.0,28,30,26,35
2022-12-04,17130.486328125,0.013144481522908,1.016858266344857,0.0203187879552533,,,,,,,20.0,28,30,26,35
2022-12-05,16974.826171875,-0.0090867330482284,1.0011871347030987,0.0196108111124343,,,,,,,12.0,28,30,26,35
2022-12-06,17089.50390625,0.0067557530907154,1.0025066766226427,0.0193437682503313,,,,,,,14.0,28,30,26,35
2022-12-07,16848.126953125,-0.0141242808714139,0.9910082244721414,0.0112080297639482,,,,,,,16.0,28,30,26,35
2022-12-08,17233.474609375,0.022871839541696,1.0114108324962738,0.013795446445291,,,,,,,42.0,28,30,26,35
2022-12-09,17133.15234375,-0.0058213603407883,1.0051480980326355,0.0138968050224492,,,,,,,25.0,28,30,26,35
2022-12-10,17128.724609375,-0.00025843080632,1.0030348211339897,0.0130583188820843,,,,,,,20.0,28,30,26,35
2022-12-11,17104.193359375,-0.0014321702613265,1.00181865887064,0.0120987703778905,,,,,,,21.0,28,30,26,35
2022-12-12,17206.4375,0.0059777236188083,1.00585792594301,0.0115799877885686,,,,,,,27.0,28,30,26,35
2022-12-13,17781.318359375,0.0334108010083435,1.0334934732838472,0.0165358264112442,,,,,,,,28,30,26,35
2022-12-14,17815.650390625,0.001930792225645,1.02723658305323,0.0142684764039416,,,,,,,,28,30,26,35
2022-12-15,17364.865234375,-0.0253027616935732,1.0001622162382957,0.0173403004047332,,,,,,,,28,30,26,35
2022-12-16,16647.484375,-0.041312204252233,0.9626903537205408,0.0239447951308407,,,,,,,,28,30,26,35
2022-12-17,16795.091796875,0.0088666502727983,0.973910472042234,0.0244296138438711,,,,,,,,28,30,26,35
2022-12-18,16757.9765625,-0.0022098857704312,0.9745533089557846,0.0244240696091659,,,,,,,,28,30,26,35
2022-12-19,16439.6796875,-0.0189937534411085,0.9621719864071382,0.0247463830734597,,,,,,,,28,30,26,35
2022-12-20,16906.3046875,0.0283840688425822,0.9967747879438084,0.0234899590979563,,,,,,,,28,30,26,35
2022-12-21,16817.53515625,-0.0052506761761861,0.9999474096481166,0.0231788648352556,,,,,,,,28,30,26,35
2022-12-22,16830.341796875,0.0007615052090579,1.005273105553439,0.0219945088847649,,,,,,,,28,30,26,35
2022-12-23,16796.953125,-0.0019838380157674,1.0020008632480244,0.0144611476938177,,,,,,,,28,30,26,35
2022-12-24,16847.755859375,0.0030245208161823,1.004580578858061,0.0141182869378379,0.1946420700896495,6135.0,0.1168704156479217,0.0660146699266503,0.0508557457212714,0.0212836955332776,,28,30,26,35
2022-12-25,16841.986328125,-0.0003424510242288,1.0035184346079875,0.0140772098867094,0.1660223960821787,16744.0,0.1398112756808409,0.1133540372670807,0.0264572384137601,-0.0243985073075112,,28,30,26,35
2022-12-26,16919.8046875,0.0046204977167716,1.0040517837403746,0.0110129474942695,0.1227307560137457,582.0,0.1597938144329896,0.127147766323024,0.0326460481099656,0.0061888096962054,,28,30,26,35
2022-12-27,16717.173828125,-0.0119759573539699,0.9936204118958192,0.0056244393587867,0.1510173205988642,19370.0,0.1614352090862158,0.1066081569437274,0.0548270521424884,0.0221810040325227,,28,30,26,35
2022-12-28,16552.572265625,-0.0098462553654299,0.986055402844518,0.0063515850568648,,,,,,,,28,30,26,35
2022-12-29,16642.341796875,0.0054232979508825,0.9929917728530236,0.0069369914662218,,,,,,,,28,30,26,35
2022-12-30,16602.5859375,-0.0023888380529755,0.9922636058094102,0.0069424018129177,,,,,,,,28,30,26,35
2022-12-31,16547.49609375,-0.0033181483870876,0.9915129715403124,0.006636567141657,,,,,,,,28,30,26,35
2023-01-01,16625.080078125,0.0046885633896178,0.9980147501260074,0.0071672807964656,,,,,,,26.0,32,46,28,49
2023-01-02,16688.470703125,0.0038129515588565,1.0038115701116177,0.0070519669871911,,,,,,,56.0,32,46,28,49
2023-01-03,16679.857421875,-0.0005161216628667,1.0036152950420114,0.0054749258430009,,,,,,,50.0,32,46,28,49
2023-01-04,16863.23828125,0.0109941502937851,1.011946924673438,0.0050466560797727,,,,,,,61.0,32,46,28,49
2023-01-05,16836.736328125,-0.0015715814888571,1.0086756195948192,0.0051016380152813,,,,,,,63.0,32,46,28,49
2023-01-06,16951.96875,0.0068441068167415,1.0125513939047248,0.005070698132253,0.1762420992714025,4392.0,0.1520947176684881,0.119535519125683,0.0325591985428051,-0.0222678535996832,52.0,32,46,28,49
2023-01-07,16955.078125,0.0001834226481807,1.0092271532543162,0.0044839359896717,0.149616132033673,22570.0,0.1323438192290651,0.1169251218431546,0.0154186973859104,-0.0171405011568946,59.0,32,46,28,49
2023-01-08,17091.14453125,0.0080251123142494,1.013310445012903,0.0047962376104393,0.142753085835895,4229.0,0.1773468905178529,0.1418775124142823,0.0354693781035705,0.02005068071766,53.0,32,46,28,49
2023-01-09,17196.5546875,0.0061675305628166,1.0151913227606095,0.0048657558419088,0.1439711602285558,29227.0,0.1723406439251377,0.1240975810038663,0.0482430629212714,0.0127736848177008,40.0,32,46,28,49
