Date,is_bullish,is_bearish,weighted_sentiment,weight,total_vol,avg_sentiment,bull_ratio,bear_ratio,sentiment_spread,sentiment_momentum
2021-02-05,218,111,209.4247,1679.0,1679,0.12473180464562239,0.12983918999404406,0.06611078022632519,0.06372840976771887,0.0
2021-02-06,507,165,422.9796,3257.0,3257,0.12986785385323918,0.15566472213693583,0.05066011667178385,0.10500460546515197,0.0412761956974331
2021-02-07,403,163,434.8551,3008.0,3008,0.14456619015957448,0.13397606382978725,0.05418882978723404,0.0797872340425532,-0.025217371422598778
2021-02-08,1119,317,880.8125,5620.0,5620,0.15672820284697508,0.1991103202846975,0.056405693950177936,0.14270462633451955,0.06291739229196636
2021-02-09,743,241,645.0362,4330.0,4330,0.14896909930715935,0.17159353348729792,0.055658198614318706,0.11593533487297922,-0.026769291461540334
2021-02-10,535,204,548.2858,3506.0,3506,0.15638499714774673,0.15259555048488305,0.05818596691386195,0.0944095835710211,-0.02152575130195812
2021-02-13,301,108,334.356,2270.0,2270,0.14729339207048459,0.13259911894273127,0.04757709251101322,0.08502202643171805,-0.009387557139303046
2021-02-14,1201,174,1023.1557,3986.0,3986,0.25668733065730054,0.30130456598093325,0.043652784746613146,0.2576517812343201,0.17262975480260204
2021-02-15,1848,264,1525.3631,4632.0,4632,0.32930982297063904,0.39896373056994816,0.05699481865284974,0.34196891191709844,0.08431713068277835
2021-02-18,321,126,343.2753,2241.0,2241,0.15317951807228916,0.14323962516733602,0.05622489959839357,0.08701472556894244,-0.25495418634815603
2021-02-19,654,252,634.5678,4498.0,4498,0.14107776789684304,0.14539795464650956,0.05602489995553579,0.08937305469097377,0.0023583291220313357
2021-02-22,539,326,439.4374,3548.0,3548,0.12385496054114994,0.15191657271702366,0.09188275084554678,0.06003382187147688,-0.029339232819496894
2021-02-28,287,185,187.3614,1633.0,1633,0.11473447642375996,0.17575015309246786,0.1132884262094305,0.06246172688303736,0.0024279050115604828
2021-03-11,50,17,15.8258,217.0,217,0.07292995391705069,0.2304147465437788,0.07834101382488479,0.15207373271889402,0.08961200583585666
2021-03-12,551,292,415.0478,3920.0,3920,0.10587954081632653,0.1405612244897959,0.07448979591836735,0.06607142857142856,-0.08600230414746546
2021-04-05,291,100,344.0333,2197.0,2197,0.1565923076923077,0.13245334547109694,0.04551661356395084,0.0869367319071461,0.02086530333571754
2021-04-06,508,204,602.2751,3719.0,3719,0.16194544232320515,0.1365958591019091,0.05485345522990051,0.0817424038720086,-0.005194328035137502
2021-04-07,556,264,597.3046,4034.0,4034,0.14806757560733763,0.13782845810609817,0.06544372830937036,0.07238472979672782,-0.009357674075280778
2021-04-08,559,173,595.9478,3738.0,3738,0.15942958801498128,0.14954521134296414,0.04628143392188336,0.10326377742108078,0.030879047624352965
2021-04-09,503,326,426.7199,3473.0,3473,0.12286780881082637,0.14483155773106823,0.09386697379786928,0.050964583933198956,-0.052299193487881826
2021-04-10,557,263,575.2117,4008.0,4008,0.14351589321357283,0.13897205588822356,0.0656187624750499,0.07335329341317366,0.022388709479974706
2021-04-11,323,123,344.5199,2031.0,2031,0.16963067454455932,0.15903495814869523,0.060561299852289516,0.09847365829640571,0.02512036488323205
2021-04-12,290,121,268.7664,1924.0,1924,0.13969147609147609,0.15072765072765074,0.0628898128898129,0.08783783783783784,-0.010635820458567868
2021-04-17,92,23,75.3443,325.0,325,0.2318286153846154,0.28307692307692306,0.07076923076923076,0.2123076923076923,0.12446985446985447
2021-04-18,1050,652,546.8246,4707.0,4707,0.11617263649883153,0.22307202039515614,0.1385171021882303,0.08455491820692584,-0.12775277410076646
2021-04-19,830,423,522.6628,4111.0,4111,0.12713763074677692,0.20189734857698857,0.10289467282899538,0.0990026757479932,0.01444775754106735
2021-04-20,820,368,601.2048,4370.0,4370,0.13757546910755147,0.18764302059496568,0.08421052631578947,0.10343249427917621,0.004429818531183016
2021-04-21,773,299,471.7779,4426.0,4426,0.10659238590149119,0.1746497966561229,0.0675553547220967,0.1070944419340262,0.0036619476548499924
2021-04-22,920,482,561.5683,5017.0,5017,0.11193308750249154,0.18337651983256925,0.09607335060793303,0.08730316922463623,-0.019791272709389976
2021-04-23,1303,602,628.1709,5790.0,5790,0.10849238341968911,0.22504317789291883,0.10397236614853195,0.12107081174438689,0.03376764251975066
2021-04-24,758,312,529.8747,3921.0,3921,0.13513764345830145,0.1933180311145116,0.07957153787299158,0.11374649324152002,-0.0073243185028668695
2021-05-25,576,287,444.3978,2799.0,2799,0.15877020364415864,0.2057877813504823,0.10253662022150768,0.10325116112897463,-0.010495332112545386
2021-05-26,937,463,587.7867,4879.0,4879,0.12047278130764501,0.19204755072760812,0.09489649518343923,0.09715105554416889,-0.00610010558480574
2021-05-27,783,421,656.5988,4369.0,4369,0.15028583199816892,0.17921721217669948,0.09636072327763791,0.08285648889906157,-0.014294566645107323
2021-05-28,1038,575,712.9789,5167.0,5167,0.13798701374104896,0.20089026514418423,0.11128314302303077,0.08960712212115346,0.006750633222091892
2021-05-29,776,479,489.4567,4496.0,4496,0.1088649243772242,0.17259786476868327,0.1065391459074733,0.06605871886120997,-0.023548403259943493
2021-06-20,1390,956,2074.7250999999997,8780.0,8780,0.236301264236902,0.15831435079726652,0.10888382687927108,0.04943052391799545,-0.01662819494321452
2021-06-21,7203,5620,8011.4144,41164.0,41164,0.19462186376445437,0.17498299484986882,0.1365270624817802,0.03845593236808861,-0.010974591549906834
2021-06-22,9389,6199,7424.7038999999995,45504.0,45504,0.1631659612341772,0.20633350914205345,0.13622978199718705,0.0701037271448664,0.03164779477677779
2021-06-23,6448,2959,5182.6082,29129.0,29129,0.1779191939304473,0.22136015654502386,0.10158261526313983,0.11977754128188403,0.04967381413701763
2021-07-02,2775,1525,3894.1433,17531.0,17531,0.2221289886486795,0.15829102732302777,0.08698876276310535,0.07130226455992242,-0.04847527672196161
2021-07-03,4394,1984,6943.8177,24841.0,24841,0.2795305221206876,0.1768849885270319,0.079867960227044,0.09701702829998791,0.025714763740065497
2021-07-04,3783,1637,5978.2549,22850.0,22850,0.2616304113785558,0.16555798687089715,0.07164113785557986,0.09391684901531729,-0.003100179284670629
2021-07-05,4276,2115,6546.8501,25678.0,25678,0.2549595022976867,0.16652387257574577,0.08236622789936911,0.08415764467637667,-0.009759204338940619
2021-07-16,30,24,135.9556,1109.0,1109,0.12259296663660957,0.027051397655545536,0.02164111812443643,0.005410279531109105,-0.07874736514526756
2021-07-17,2443,1314,3666.574,14991.0,14991,0.24458501767727303,0.16296444533386698,0.08765259155493296,0.07531185377893401,0.06990157424782491
2021-07-18,4462,1823,8240.6858,25603.0,25603,0.32186407061672456,0.1742764519782838,0.07120259344608054,0.10307385853220324,0.02776200475326923
2021-07-19,4690,2625,7265.7066,28383.0,28383,0.25598797167318466,0.1652397561920868,0.09248493816721277,0.07275481802487403,-0.030319040507329212
2021-07-20,5421,3554,5826.2089,30669.0,30669,0.1899706185398937,0.1767582901300988,0.11588248720206071,0.0608758029280381,-0.011879015096835935
2021-07-21,6330,3064,8953.9588,38395.0,38395,0.23320637583018622,0.16486521682510744,0.07980205755957807,0.08506315926552936,0.024187356337491264
2021-07-22,4743,2066,8328.4975,30226.0,30226,0.2755408423211804,0.15691788526434194,0.06835175014887845,0.08856613511546349,0.0035029758499341285
2021-07-23,5992,2874,11432.426,43015.0,43015,0.26577765895617805,0.13930024410089503,0.06681390212716494,0.07248634197373009,-0.016079793141733398
2021-07-24,6301,2583,8445.1325,31785.0,31785,0.265695532483876,0.19823816265534058,0.08126474752241623,0.11697341513292435,0.04448707315919426
2021-07-25,2621,1054,2853.2928,11531.0,11531,0.24744539068597696,0.2273003208741653,0.09140577573497528,0.13589454513919003,0.018921130006265677
2021-07-26,10734,2341,4146.7579,27226.0,27226,0.1523087453169764,0.394255491074708,0.08598398589583486,0.30827150517887314,0.1723769600396831
2021-07-27,3026,1426,3501.5146,13744.0,13744,0.2547667782305006,0.2201688009313155,0.10375436554132712,0.11641443538998837,-0.19185706978888478
2021-07-28,3392,1478,3653.1089,15309.0,15309,0.23862491998171012,0.22156901169246848,0.09654451629760272,0.12502449539486576,0.008610060004877393
2021-07-29,3473,1164,7089.619500000001,18756.0,18756,0.3779920825335893,0.18516741309447643,0.062060140754958415,0.12310727233951801,-0.0019172230553477498
2021-07-30,7291,3189,9303.187899999999,37648.0,37648,0.24710975084997872,0.19366234594135145,0.08470569485762856,0.10895665108372289,-0.014150621255795123
2021-08-04,379,143,345.3636,1746.0,1746,0.1978027491408935,0.2170675830469645,0.08190148911798396,0.13516609392898055,0.026209442845257655
2021-08-05,2717,1125,2681.5958,12322.0,12322,0.2176266677487421,0.22049991884434345,0.09130011361791916,0.12919980522642427,-0.005966288702556277
2021-08-06,3534,1198,3893.1677,15483.0,15483,0.25144789123554867,0.22825033908157333,0.07737518568752826,0.15087515339404506,0.02167534816762079
2021-08-07,2966,1133,3053.3996,12782.0,12782,0.23888277264903773,0.23204506337036457,0.08864027538726334,0.14340478798310125,-0.007470365410943813
2021-08-08,6251,2764,8305.568500000001,33319.0,33319,0.24927424292445755,0.18761067258921335,0.08295567093850356,0.10465500165070979,-0.038749786332391456
2021-08-09,7987,3298,15891.688900000001,52528.0,52528,0.30253748286628085,0.15205223880597016,0.06278556198598842,0.08926667681998174,-0.01538832483072805
2021-08-14,1990,945,4093.5286,13164.0,13164,0.3109638863567305,0.15116985718626558,0.07178669097538742,0.07938316621087815,-0.009883510609103585
2021-08-15,5208,2128,8316.9669,29737.0,29737,0.27968412751790694,0.175135353263611,0.07156068197867976,0.10357467128493122,0.02419150507405307
2021-08-16,5949,2367,9066.8325,32131.0,32131,0.28218332762752485,0.18514829915035325,0.07366717500233419,0.11148112414801906,0.007906452863087832
2021-08-17,6511,2627,10326.0827,34650.0,34650,0.29801104473304474,0.1879076479076479,0.07581529581529582,0.11209235209235209,0.0006112279443330343
2021-08-18,6930,2626,11912.9292,36869.0,36869,0.3231150614337248,0.1879627871653693,0.07122514849873877,0.11673763866663052,0.004645286574278429
2021-08-19,5895,2582,8745.4741,33803.0,33803,0.2587188740644321,0.17439280537230423,0.07638375292133834,0.09800905245096589,-0.01872858621566463
2021-08-20,7482,2511,10147.472600000001,38673.0,38673,0.26239165826287075,0.1934683112248856,0.06492902024668373,0.12853929097820185,0.030530238527235964
2021-08-21,1688,767,2786.7253,10684.0,10684,0.2608316454511419,0.1579932609509547,0.07178959191314115,0.08620366903781355,-0.0423356219403883
2021-08-23,1786,778,2326.6374,10359.0,10359,0.22460057920648713,0.17241046433053384,0.07510377449560768,0.09730668983492616,0.011103020797112603
2021-08-24,4671,1931,6983.7432,26011.0,26011,0.2684919149590558,0.17957787090077276,0.07423782245972857,0.10534004844104419,0.008033358606118035
2021-08-25,7588,2788,17150.227899999998,45753.0,45753,0.37484378947828556,0.16584704828098704,0.06093589491399471,0.10491115336699233,-0.00042889507405186045
2021-08-26,7127,2822,11977.3464,38485.0,38485,0.3112211614914902,0.18518903468883982,0.0733272703650773,0.11186176432376252,0.006950610956770187
2021-09-10,3558,1653,5801.4507,22725.0,22725,0.2552893597359736,0.15656765676567658,0.07273927392739274,0.08382838283828384,-0.02803338148547868
2021-10-18,3963,1532,5976.1122,22595.0,22595,0.264488258464262,0.175392786014605,0.06780261119716752,0.10759017481743749,0.02376179197915365
2021-10-19,13947,4601,15654.7067,62680.0,62680,0.24975600989151245,0.2225111678366305,0.07340459476707084,0.14910657306955966,0.041516398252122166
2021-10-20,10010,2325,7792.179,33114.0,33114,0.23531373437216888,0.3022890620281452,0.07021199492661714,0.23207706710152806,0.0829704940319684
2021-10-21,8846,3785,10411.2147,42025.0,42025,0.2477386008328376,0.21049375371802498,0.09006543723973826,0.12042831647828672,-0.11164875062324134
2021-10-22,10277,4151,15392.8036,53592.0,53592,0.28722204060307505,0.1917636960740409,0.07745559038662488,0.11430810568741602,-0.006120210790870703
2021-10-23,7376,2870,11733.457,38806.0,38806,0.30236192856774724,0.19007369994330772,0.07395763541720353,0.11611606452610419,0.0018079588386881729
2021-10-27,4228,1636,5546.8255,21593.0,21593,0.25688072523502986,0.1958041958041958,0.07576529430834067,0.12003890149585514,0.003922836969750945
2021-10-28,7104,3093,9265.3807,36416.0,36416,0.2544315877636204,0.19507908611599298,0.08493519332161688,0.1101438927943761,-0.009895008701479038
2021-10-29,6328,2502,9456.0669,34685.0,34685,0.2726269828456105,0.18244197780020183,0.07213492864350583,0.110307049156696,0.00016315636231989394
2021-11-04,4519,1688,6991.190500000001,25673.0,25673,0.27231685038756676,0.17602150118801854,0.0657500097378569,0.11027149145016164,-3.555770653435042e-05
2021-11-05,6097,2384,9488.0212,35107.0,35107,0.27026009627709574,0.17366906884666874,0.0679066852764406,0.10576238357022814,-0.004509107879933499
2021-11-06,8978,3844,12458.798200000001,44938.0,44938,0.2772441630691175,0.1997863723352174,0.08554007744002848,0.11424629489518892,0.008483911324960777
2021-11-11,3760,1803,4877.1642,19559.0,19559,0.24935652129454472,0.1922388670177412,0.09218262692366685,0.10005624009407435,-0.014190054801114571
2021-11-12,8587,3872,10372.7154,39240.0,39240,0.2643403516819572,0.2188328236493374,0.09867482161060143,0.12015800203873597,0.020101761944661622
2021-11-18,7940,4469,7140.0504,34706.0,34706,0.2057295683743445,0.2287788854953034,0.12876736011064369,0.10001152538465971,-0.020146476654076262
2021-11-19,11974,6215,11807.173999999999,52754.0,52754,0.22381571065701178,0.22697804905789135,0.11781097167987262,0.10916707737801873,0.009155551993359018
2021-11-24,1120,451,1523.1977,6251.0,6251,0.2436726443768997,0.1791713325867861,0.07214845624700048,0.10702287633978563,-0.0021442010382330956
2021-11-25,6771,2561,12203.0788,36617.0,36617,0.3332626594204877,0.18491411093208074,0.06994019171423109,0.11497391921784965,0.007951042878064016
2021-11-26,12191,6525,13771.688,56311.0,56311,0.24456479195894232,0.2164941130507361,0.115874340714958,0.1006197723357781,-0.014354146882071553
2021-12-11,1217,594,1239.6737,5969.0,5969,0.20768532417490368,0.2038867481990283,0.09951415647512146,0.10437259172390684,0.003752819388128742
2021-12-17,3728,2913,4932.2955,19822.0,19822,0.2488293562708102,0.18807385733023912,0.14695792553728182,0.041115931792957305,-0.06325665993094953
2021-12-29,1190,497,662.2035,3747.0,3747,0.17672898318654923,0.3175874032559381,0.13263944488924473,0.18494795836669337,0.14383202657373606
2021-12-30,5203,2950,5488.3685,24321.0,24321,0.22566376793717363,0.21393034825870647,0.12129435467291641,0.09263599358579006,-0.09231196478090331
2022-01-11,2224,1056,2456.9669,11511.0,11511,0.21344513074450525,0.19320649813222135,0.09173833724263748,0.10146816088958387,0.008832167303793811
2022-01-12,7599,3295,9585.035100000001,40751.0,40751,0.23520981325611645,0.18647395155947094,0.08085691148683467,0.10561704007263627,0.004148879183052401
2022-01-13,8163,3638,9137.8334,42028.0,42028,0.21742251356238698,0.19422765775197487,0.08656134005900828,0.10766631769296658,0.002049277620330317
2022-01-14,4839,2530,7703.597,29732.0,29732,0.2591012040898695,0.1627539351540428,0.08509350195076013,0.07766043320328267,-0.030005884489683915
2022-01-19,757,446,724.349,3651.0,3651,0.19839742536291427,0.20734045466995343,0.12215831279101616,0.08518214187893727,0.007521708675654604
2022-01-20,4441,2857,4602.4568,21600.0,21600,0.2130767037037037,0.20560185185185184,0.1322685185185185,0.07333333333333333,-0.01184880854560394
2022-01-21,6808,8020,5382.5069,34487.0,34487,0.15607350305912374,0.19740771885058137,0.23255139617827006,-0.035143677327688694,-0.10847701066102203
2022-01-22,16098,12171,12059.1306,70534.0,70534,0.17096904471602348,0.22823035699095473,0.17255507981966145,0.05567527717129328,0.09081895449898197
2022-02-09,5739,2143,5193.0417,24381.0,24381,0.21299543496985357,0.2353882121323982,0.08789631270251426,0.14749189942988394,0.09181662225859066
2022-02-14,1058,487,974.3747,5280.0,5280,0.18454066287878787,0.20037878787878788,0.09223484848484849,0.10814393939393939,-0.039347960035944554
2022-02-15,1921,700,1959.9027,8552.0,8552,0.22917477782974743,0.22462581852198316,0.08185219831618334,0.1427736202057998,0.03462968081186042
2022-02-16,764,303,746.6095,3502.0,3502,0.21319517418617934,0.21816105082809822,0.086521987435751,0.1316390633923472,-0.0111345568134526
2022-02-17,3621,2300,3788.4942,17556.0,17556,0.21579483937115518,0.20625427204374572,0.13100934153565733,0.07524493050808839,-0.05639413288425882
2022-02-18,3276,2144,3937.9701999999997,17748.0,17748,0.2218824768988055,0.1845841784989858,0.12080234392607618,0.06378183457290963,-0.01146309593517876
2022-03-02,1581,809,1903.7441000000001,8214.0,8214,0.231768212807402,0.19247626004382762,0.09849038227416605,0.09398587776966157,0.030204043196751934
2022-03-06,1586,929,1930.0188,7950.0,7950,0.2427696603773585,0.19949685534591194,0.11685534591194968,0.08264150943396226,-0.01134436833569931
2022-03-07,4007,2866,5589.1691,23832.0,23832,0.23452371181604564,0.16813528029540115,0.12025847599865727,0.047876804296743875,-0.03476470513721838
2022-03-08,786,411,908.0154,5014.0,5014,0.18109601116872756,0.15676106900678102,0.08197048264858396,0.07479058635819706,0.026913782061453187
2022-03-09,2697,1387,3818.8207,15359.0,15359,0.2486373266488704,0.175597369620418,0.09030535842177224,0.08529201119864575,0.010501424840448692
2022-03-10,5415,3431,8099.355100000001,32673.0,32673,0.2478913812628164,0.16573317418051603,0.10501025311419214,0.06072292106632389,-0.024569090132321864
2022-03-14,570,426,719.1911,3465.0,3465,0.20755875901875903,0.1645021645021645,0.12294372294372294,0.04155844155844157,-0.019164479507882318
2022-03-15,5138,3011,7736.1483,30890.0,30890,0.250441835545484,0.16633214632567173,0.09747491097442539,0.06885723535124634,0.027298793792804768
2022-03-16,7236,3485,10203.1645,42747.0,42747,0.238687264603364,0.16927503684469086,0.08152618897232554,0.08774884787236532,0.018891612521118983
2022-03-17,3877,2297,4984.9446,22960.0,22960,0.2171143118466899,0.1688588850174216,0.10004355400696864,0.06881533101045297,-0.01893351686191236
2022-03-18,3936,2564,4246.4745,20413.0,20413,0.20802794787635331,0.1928183020624112,0.12560623132317641,0.0672120707392348,-0.0016032602712181682
2022-03-19,3840,2291,4979.879800000001,16140.0,16140,0.30854273853779435,0.2379182156133829,0.1419454770755886,0.09597273853779428,0.028760667798559486
2022-03-20,3998,1943,4932.7924,17697.0,17697,0.2787360795615076,0.22591399672260834,0.10979262021811606,0.11612137650449228,0.020148637966697996
2022-03-21,5751,2523,7391.4349,28050.0,28050,0.26350926559714793,0.20502673796791443,0.08994652406417113,0.1150802139037433,-0.0010411626007489766
2022-03-22,4,8,12.2106,81.0,81,0.15074814814814813,0.04938271604938271,0.09876543209876543,-0.04938271604938271,-0.164462929953126
2022-03-23,4816,2394,6110.5779,25537.0,25537,0.23928331049066062,0.1885891060030544,0.09374632885616949,0.09484277714688491,0.14422549319626762
2022-03-24,9548,4322,10984.6819,52779.0,52779,0.20812599518747987,0.1809052842986794,0.081888629947517,0.09901665435116239,0.004173877204277476
2022-04-13,3381,2192,4037.8048,17883.0,17883,0.2257901246994352,0.1890622378795504,0.12257451210646983,0.06648772577308057,-0.03252892857808182
2022-04-14,4825,3457,6593.3598,27288.0,27288,0.241621218117854,0.176817648783348,0.12668572266197595,0.050131926121372045,-0.016355799651708525
2022-04-15,6852,3788,10038.4185,39721.0,39721,0.2527232068679036,0.1725032098889756,0.09536517207522469,0.07713803781375092,0.027006111692378876
2022-04-16,8180,4391,12006.147700000001,43728.0,43728,0.2745642997621662,0.18706549579216977,0.10041620929381632,0.08664928649835345,0.009511248684602527
2022-04-17,1463,936,1712.4270000000001,8832.0,8832,0.1938889266304348,0.16564764492753623,0.10597826086956522,0.05966938405797101,-0.02697990244038244
2022-04-18,10773,5293,12324.3413,52538.0,52538,0.23457956717042902,0.20505158171228444,0.10074612661311812,0.10430545509916632,0.04463607104119531
2022-04-19,9927,4518,14508.6661,53834.0,53834,0.269507487832968,0.18440019318646209,0.08392465727978601,0.10047553590667607,-0.003829919192490247
2022-04-20,1417,738,2471.0733,10502.0,10502,0.23529549609598172,0.13492668063226052,0.07027232908017521,0.0646543515520853,-0.035821184354590765
2022-04-21,4775,2636,6639.8192,29647.0,29647,0.2239625999257935,0.161061827503626,0.08891287482713259,0.0721489526764934,0.0074946011244080984
2022-04-22,6840,3604,9804.0667,39503.0,39503,0.24818537073133684,0.17315140622231223,0.09123357719666861,0.08191782902564362,0.009768876349150218
2022-04-27,368,220,415.2489,2041.0,2041,0.20345365017148456,0.18030377266046055,0.10779029887310142,0.07251347378735913,-0.009404355238284492
2022-04-28,5059,2514,5809.5081,24902.0,24902,0.23329483977190588,0.2031563729820898,0.10095574652638342,0.10220062645570638,0.029687152668347247
2022-04-29,4277,2282,5000.4718,22639.0,22639,0.22087865188391714,0.1889217721630814,0.1007995052785017,0.08812226688457969,-0.014078359571126686
2022-04-30,6517,3451,8640.515,36554.0,36554,0.23637673031679157,0.17828418230563003,0.094408272692455,0.08387590961317504,-0.004246357271404655
2022-05-01,8182,4389,10260.6044,44970.0,44970,0.2281655414720925,0.18194351790082278,0.09759839893262175,0.08434511896820103,0.0004692093550259929
2022-05-02,6109,3533,8523.5987,36349.0,36349,0.23449334782249856,0.1680651462213541,0.09719662164021019,0.07086852458114391,-0.013476594387057117
2022-05-10,2568,1452,2556.0476,13527.0,13527,0.18895894137650623,0.18984253714792637,0.10734087380793968,0.0825016633399867,0.011633138758842781
2022-05-11,3376,2369,2291.2197,18457.0,18457,0.12413825107005473,0.18291163244297556,0.12835238662837947,0.05455924581459609,-0.027942417525390603
2022-05-12,7662,5656,5732.042100000001,43952.0,43952,0.13041595604295597,0.1743265380414998,0.12868583909719694,0.045640698944302865,-0.008918546870293226
2022-05-13,6633,4645,7049.5799,41678.0,41678,0.16914391045635588,0.1591487115504583,0.11144968568549354,0.047699025864964745,0.0020583269206618793
2022-05-22,2958,1629,4558.898,19867.0,19867,0.22947088136105098,0.14889011929330045,0.08199526853576282,0.06689485075753764,0.01919582489257289
2022-05-23,853,589,1068.1829,4809.0,4809,0.22212162611769598,0.17737575379496776,0.12247868579746309,0.05489706799750467,-0.011997782760032966
2022-05-24,3117,1941,3453.9505000000004,18618.0,18618,0.1855167311204211,0.1674186271350306,0.10425394779245892,0.0631646793425717,0.008267611345067025
2022-05-25,2169,1778,2308.3291,13765.0,13765,0.16769553941155102,0.1575735561205957,0.12916818016709045,0.028405375953505257,-0.03475930338906644
2022-05-26,3673,3826,2850.6008,21101.0,21101,0.13509316146154213,0.17406757973555756,0.1813184209279181,-0.007250841192360552,-0.03565621714586581
2022-05-27,2077,1411,2403.5374,13515.0,13515,0.1778422049574547,0.15368109507954125,0.10440251572327044,0.04927857935627081,0.05652942054863136
2022-05-28,787,529,821.3823,4800.0,4800,0.17112131249999998,0.16395833333333334,0.11020833333333334,0.053750000000000006,0.004471420643729199
2022-05-29,2729,1859,3317.3801,16760.0,16760,0.19793437350835322,0.16282816229116945,0.11091885441527446,0.05190930787589498,-0.0018406921241050228
2022-05-30,4153,2768,3746.0634,18378.0,18378,0.20383411687887693,0.22597671128523233,0.15061486560017412,0.07536184568505822,0.023452537809163232
2022-05-31,4361,2828,3767.2625,19020.0,19020,0.19806848054679285,0.22928496319663513,0.14868559411146162,0.08059936908517351,0.005237523400115296
2022-06-01,3985,2671,3946.7788,22954.0,22954,0.17194296418924807,0.17360808573669076,0.11636316110481833,0.05724492463187243,-0.02335444445330108
2022-06-02,1682,1062,1953.2064,10938.0,10938,0.1785707076247943,0.15377582739074785,0.09709270433351619,0.056683123057231666,-0.0005618015746407662
2022-06-03,4978,3791,5795.4035,29641.0,29641,0.19551983738740258,0.16794305185385108,0.12789716946121926,0.04004588239263182,-0.016637240664599845
2022-06-04,1054,704,1142.3243,6374.0,6374,0.17921623784123,0.16535927204267337,0.1104486978349545,0.05491057420771886,0.014864691815087039
2022-06-14,3323,2430,2421.4138,16830.0,16830,0.14387485442661913,0.19744503862150922,0.1443850267379679,0.053060011883541314,-0.001850562324177546
2022-06-15,10579,7197,6948.310100000001,56108.0,56108,0.12383813538176375,0.1885470877593213,0.12827047836315678,0.06027660939616453,0.007216597512623213
2022-06-17,3141,2348,2612.9214,17481.0,17481,0.14947207825639267,0.17968079629311826,0.13431725873805847,0.045363537555059785,-0.014913071841104741
2022-06-18,6251,4196,3225.4088,31120.0,31120,0.10364424164524422,0.2008676092544987,0.13483290488431876,0.06603470437017994,0.020671166815120157
2022-06-19,2895,2045,1723.0275,14175.0,14175,0.12155396825396825,0.20423280423280424,0.14426807760141094,0.059964726631393295,-0.006069977738786647
2022-06-23,5060,3068,4760.7517,27524.0,27524,0.17296729036477254,0.18383955820374945,0.11146635663421015,0.0723732015695393,0.012408474938146008
2022-06-24,1048,868,842.6329000000001,5398.0,5398,0.15610094479436828,0.19414597999258984,0.16080029640607632,0.03334568358651352,-0.03902751798302578
2022-06-25,4327,2931,4299.1711000000005,24402.0,24402,0.17618109581181873,0.17732153102204737,0.12011310548315712,0.057208425538890245,0.023862741952376726
2022-06-26,5265,3464,5888.9875,31175.0,31175,0.1889009623095429,0.16888532477947074,0.11111467522052927,0.05777064955894147,0.0005622240200512246
2022-06-28,1617,1148,1387.6049,9023.0,9023,0.15378531530533082,0.1792086889061288,0.12723041117145073,0.05197827773467806,-0.005792371824263412
2022-06-29,5661,4016,5683.8384,36592.0,36592,0.15533008307826845,0.15470594665500656,0.10975076519457805,0.04495518146042851,-0.007023096274249546
2022-07-02,1262,860,1185.6522,7681.0,7681,0.15436169769561256,0.16430152323916156,0.11196458794427809,0.052336935294883466,0.007381753834454954
2022-07-03,2253,1207,2493.6883,13711.0,13711,0.18187501276347456,0.1643206184815112,0.08803150754868354,0.07628911093282766,0.02395217563794419
2022-07-11,1345,741,1048.7668,6885.0,6885,0.15232633260711695,0.19535221496005808,0.10762527233115468,0.0877269426289034,0.011437831696075748
2022-07-12,3337,2240,2864.7627,18036.0,18036,0.1588358117099135,0.18501885118651587,0.12419605233976491,0.06082279884675096,-0.026904143782152445
2022-07-13,5524,3461,4300.4684,32448.0,32448,0.13253415927021694,0.17024161735700197,0.1066629684418146,0.06357864891518737,0.0027558500684364134
2022-07-14,5953,3989,6474.2845,36129.0,36129,0.17919910598134461,0.16477068283096682,0.11040992000885715,0.05436076282210968,-0.009217886093077693
2022-07-15,5236,3291,5639.5196,32773.0,32773,0.17207822292740974,0.15976566075733073,0.10041802703444909,0.05934763372288164,0.004986870900771961
2022-07-16,4968,3309,4829.4574,29476.0,29476,0.16384371692224184,0.16854390012213327,0.11226082236395712,0.05628307775817615,-0.0030645559647054926
2022-07-17,2559,1532,2221.0116000000003,13229.0,13229,0.1678896061682667,0.19343865749489758,0.11580618338498752,0.07763247410991006,0.021349396351733912
2022-08-30,2263,1401,2029.0476,13844.0,13844,0.14656512568621785,0.16346431667148223,0.10119907541173072,0.06226524125975151,-0.01536723285015855
2022-08-31,4276,2356,4208.4492,27479.0,27479,0.15315146839404636,0.15560973834564576,0.08573820008006114,0.06987153826558462,0.00760629700583311
2022-09-01,4282,2461,4218.1956,27970.0,27970,0.1508114265284233,0.15309259921344298,0.08798712906685735,0.06510547014658563,-0.0047660681189989895
2022-09-02,3787,2813,4294.1303,28458.0,28458,0.1508936081242533,0.13307330100498982,0.09884742427436925,0.034225876730620566,-0.030879593415965065
2022-09-03,1913,1280,2075.0936,14001.0,14001,0.14821038497250197,0.13663309763588316,0.09142204128276551,0.045211056353117646,0.01098517962249708
2022-09-04,949,569,843.9293,6194.0,6194,0.1362494833710042,0.15321278656764611,0.09186309331611237,0.06134969325153375,0.016138636898416103
2022-09-11,1421,916,1690.4672,10046.0,10046,0.16827266573760702,0.1414493330678877,0.09118056938084809,0.050268763687039614,-0.011080929564494135
2022-09-12,4390,2336,5159.1759,28229.0,28229,0.1827615537213504,0.1555138332920047,0.08275178008431046,0.07276205320769423,0.022493289520654616
2022-09-13,4736,2635,4171.563,29926.0,29926,0.13939594332687297,0.15825703401724253,0.08805052462741429,0.07020650938982824,-0.0025555438178659906
2022-09-14,4937,3338,5370.5717,34696.0,34696,0.1547893618860964,0.14229305971869957,0.09620705556836523,0.04608600415033434,-0.024120505239493897
2022-10-09,1648,659,1764.0359,9500.0,9500,0.18568798947368423,0.1734736842105263,0.06936842105263158,0.10410526315789473,0.058019259007560386
2022-10-10,4546,1943,4249.2119999999995,25060.0,25060,0.16956153232242616,0.18140462889066242,0.0775339185953711,0.10387071029529131,-0.00023455286260341823
2022-10-11,3928,1953,4193.7022,25675.0,25675,0.16333796299902628,0.15298928919182084,0.07606621226874391,0.07692307692307693,-0.026947633372214383
2022-10-12,3684,1857,4271.7408,27472.0,27472,0.15549435061153172,0.1341001747233547,0.06759609784507863,0.06650407687827607,-0.010419000044800855
2022-10-13,2594,1593,2589.9244,18023.0,18023,0.14370107085390887,0.1439272041280586,0.08838706097763968,0.055540143150418914,-0.010963933727857159
2022-10-14,1897,1127,2129.016,12942.0,12942,0.16450440426518312,0.14657703600679955,0.08708082212950086,0.0594962138772987,0.0039560707268797846
2022-10-15,2966,2194,3749.0172999999995,24323.0,24323,0.15413465855363234,0.12194219463059655,0.0902026888130576,0.031739505817538954,-0.027756708059759744
2022-11-07,2420,1564,2495.4878,15297.0,15297,0.16313576518271555,0.15820095443551024,0.10224226972609009,0.055958684709420156,0.024219178891881202
2022-11-08,2206,1591,875.7271000000001,12403.0,12403,0.07060607111182779,0.1778601951140853,0.12827541723776506,0.049584777876320235,-0.006373906833099921
2022-11-09,5140,2974,2396.3259,24728.0,24728,0.09690738838563571,0.20786153348430927,0.12026852151407312,0.08759301197023615,0.03800823409391592
2022-11-10,2199,1300,1959.3935,13102.0,13102,0.1495491909632117,0.16783697145473975,0.09922149290184705,0.0686154785528927,-0.018977533417343456
2022-11-11,2283,1984,1698.1366,18024.0,18024,0.09421530181979583,0.12666444740346205,0.11007545494895694,0.01658899245450511,-0.05202648609838759
2022-11-13,804,736,677.6373,6347.0,6347,0.10676497557901371,0.12667401922167953,0.11596029620293052,0.01071372301874901,-0.0058752694357561
2022-11-14,1448,1100,1714.6476,13140.0,13140,0.13049068493150684,0.1101978691019787,0.0837138508371385,0.02648401826484019,0.01577029524609118
2022-11-15,3661,2522,3437.9791,30403.0,30403,0.11308025852711903,0.12041574844587705,0.0829523402295826,0.037463408216294444,0.010979389951454255
2022-11-16,4038,3125,4053.5912,35427.0,35427,0.1144209557681994,0.11398086205436532,0.08820955768199396,0.025771304372371365,-0.01169210384392308
2022-11-20,846,781,546.6016,5732.0,5732,0.09535966503838102,0.14759246336357293,0.13625261688764828,0.011339846475924648,-0.014431457896446717
2022-11-21,3348,2648,2551.8518,23671.0,23671,0.10780498500274598,0.1414388914705758,0.11186684128258206,0.029572050187993748,0.0182322037120691
2022-12-24,717,405,1194.1291,6135.0,6135,0.19464207008964957,0.11687041564792176,0.06601466992665037,0.0508557457212714,0.02128369553327765
2022-12-25,2341,1898,2779.879,16744.0,16744,0.1660223960821787,0.1398112756808409,0.11335403726708075,0.026457238413760145,-0.024398507307511252
2022-12-26,93,74,71.4293,582.0,582,0.1227307560137457,0.15979381443298968,0.12714776632302405,0.03264604810996563,0.006188809696205486
2022-12-27,3127,2065,2925.2055,19370.0,19370,0.15101732059886422,0.1614352090862158,0.10660815694372741,0.0548270521424884,0.022181004032522766
2023-01-06,668,525,774.0553,4392.0,4392,0.17624209927140255,0.15209471766848817,0.11953551912568305,0.03255919854280512,-0.02226785359968328
2023-01-07,2987,2639,3376.8361,22570.0,22570,0.14961613203367302,0.13234381922906513,0.11692512184315464,0.015418697385910493,-0.017140501156894625
2023-01-08,750,600,603.7028,4229.0,4229,0.14275308583589502,0.1773468905178529,0.14187751241428234,0.035469378103570565,0.02005068071766007
2023-01-09,5037,3627,4207.8451000000005,29227.0,29227,0.1439711602285558,0.1723406439251377,0.1240975810038663,0.04824306292127141,0.012773684817700845
